2026-07-24 03:34:39 | INFO     | app.services.ai_router:119 | AIRouter ready — OR model=openrouter/free  HF model=meta-llama/Llama-3.1-8B-Instruct:cerebras  HF url=https://router.huggingface.co/v1
2026-07-24 03:34:39 | INFO     | app.services.pdf_service:46 | PDFService initialised
2026-07-24 03:34:40 | INFO     | app.services.embedding_service:205 | EmbeddingService ready (model will load on first use)
2026-07-24 03:34:40 | INFO     | app.services.rag_service:81 | RAGService initialised
2026-07-24 03:34:40 | INFO     | app.services.extraction_service:221 | ExtractionService initialised
2026-07-24 03:35:29 | INFO     | app.auth:66 | Firebase Admin initialised for project 'spoudazo-fa02f'
2026-07-24 03:35:55 | DEBUG    | app.services.pdf_service:237 | [452a5255-397b-4067-89f3-e45128b82249] Loaded document from DB — status=embedding
2026-07-24 03:36:04 | DEBUG    | app.services.pdf_service:237 | [452a5255-397b-4067-89f3-e45128b82249] Loaded document from DB — status=embedding
2026-07-24 03:36:09 | DEBUG    | app.services.pdf_service:237 | [452a5255-397b-4067-89f3-e45128b82249] Loaded document from DB — status=embedding
2026-07-24 03:36:14 | DEBUG    | app.services.pdf_service:237 | [452a5255-397b-4067-89f3-e45128b82249] Loaded document from DB — status=embedding
2026-07-24 03:36:17 | DEBUG    | app.services.pdf_service:237 | [452a5255-397b-4067-89f3-e45128b82249] Loaded document from DB — status=embedding
2026-07-24 03:36:24 | INFO     | pdf_service:195 | [07fa852e-64c6-46c4-bf6a-1bd0b91849cf] Saved 'CPE316LECTUREANDLAB202425RAIN_compressed.pdf' → C:\Users\User\Downloads\spoudazo-api-seed\spoudazo-api-seed\data\uploads\07fa852e-64c6-46c4-bf6a-1bd0b91849cf_CPE316LECTUREANDLAB202425RAIN_compressed.pdf (955,655 bytes)
2026-07-24 03:36:25 | INFO     | pdf_service:195 | [07fa852e-64c6-46c4-bf6a-1bd0b91849cf] Document record created — status=uploaded
2026-07-24 03:36:25 | DEBUG    | app.services.pdf_service:237 | [452a5255-397b-4067-89f3-e45128b82249] Loaded document from DB — status=embedding
2026-07-24 03:36:26 | DEBUG    | app.services.pdf_service:237 | [07fa852e-64c6-46c4-bf6a-1bd0b91849cf] Loaded document from DB — status=uploaded
2026-07-24 03:36:26 | INFO     | extraction_service:195 | [07fa852e-64c6-46c4-bf6a-1bd0b91849cf] Extracting 'CPE316LECTUREANDLAB202425RAIN_compressed.pdf'
2026-07-24 03:36:31 | WARNING  | app.services.extraction_service:210 | OCR unavailable: tesseract is not installed or it's not in your PATH. See README file for more information. — scanned PDFs will have empty text
2026-07-24 03:36:32 | INFO     | extraction_service:195 | [07fa852e-64c6-46c4-bf6a-1bd0b91849cf] OCR: 0/105 pages via OCR
2026-07-24 03:36:32 | INFO     | extraction_service:195 | [07fa852e-64c6-46c4-bf6a-1bd0b91849cf] title='Il E-if`e. , Nigeria This Document is Not for Sale' | authors=0 | doi=— | issn=2024-2025 | journal='—' | pages=2024-2025
2026-07-24 03:36:32 | INFO     | extraction_service:195 | [07fa852e-64c6-46c4-bf6a-1bd0b91849cf] Extracted 105 pages · 40500 words · scanned=False
2026-07-24 03:36:32 | DEBUG    | extraction_service:192 | [07fa852e-64c6-46c4-bf6a-1bd0b91849cf] Headings found: [('CPE 316: Introduction to Artif', 'introduction'), ('"Artificial Intelligence": An ', 'introduction'), ('Summary . . . . . . . . . . . ', 'abstract'), ('Conventional assessment and ev', 'results'), ('Limitation of "Turing Test" an', 'conclusion'), ('Speech synthesis system . . . ', 'methods'), ('`Ar`ok un perspective of O. gb', 'abstract'), ('`Ar`ok un approach to creating', 'methods'), ('Using relation to Simplify con', 'introduction'), ('Overview of strategic games . ', 'abstract'), ('Example of the limitation in t', 'conclusion'), ('Gb`es`e ("Loss") approach to g', 'methods'), ('Overview . . . . . . . . . . .', 'abstract'), ('Context-neutral rendering of s', 'introduction'), ('Laboratory PROCEDURE and Docum', 'methods'), ('Background to laboratory assig', 'introduction'), ('Context-neutral rendering of l', 'introduction'), ('Context-sensitive rendering of', 'introduction'), ('"ARTIFICIAL INTELLIGENCE": AN ', 'introduction'), ('ignored, jettisoned and/or con', 'discussion'), ('Though his explanation aligns ', 'methods'), ('context-sensitive language. A ', 'introduction'), ('grounded in the European Intel', 'conclusion'), ('forth, ascribed to the sensory', 'methods'), ('Several references to the use ', 'references'), ('perspective is limited to inst', 'introduction'), ('Synthesis Systems", "Automatic', 'methods'), ('language. An instrument of con', 'introduction'), ('exclusive and contradictory. T', 'introduction'), ('Summary', 'abstract'), ('Human mental activities are ef', 'methods'), ('and (iv) `Agunl a ("Ignorant")', 'abstract'), ('context-neutral or context-sen', 'introduction'), ('an agency, through an instrume', 'introduction'), ('in his/her/its mental beingnes', 'methods'), ('any Two (2) pair as precisely ', 'introduction'), ('Conventional assessment and ev', 'results'), ('to be appreciated more by thos', 'methods'), ('and other physiological limita', 'conclusion'), ('too meaningless to deserve dis', 'discussion'), ('There are a number of challeng', 'introduction'), ('of these objections questioned', 'methods'), ('vice versa. AgIN also has acce', 'methods'), ('Limitation of "Turing Test" an', 'conclusion'), ('some context.', 'introduction'), ('the ambit of instruments of la', 'methods'), ('Using available textbooks and ', 'references'), ('Speech synthesis system', 'methods'), ('`Ar`ok un perspective of O. gb', 'abstract'), ('and explicable to the extent t', 'introduction'), ('("Bees")). The term intelligen', 'introduction'), ('Therefore, the observation asc', 'methods'), ('the ambit of instruments langu', 'methods'), ('through an instrument of conte', 'introduction'), ('(iii.) O. gb o. n (The "Intell', 'introduction'), ('implement the solution appropr', 'introduction'), ('observation of the phenomenon ', 'methods'), ('intelligence manifest during t', 'introduction'), ('The context-neutral rendering ', 'introduction'), ('Aspect of the creativity deplo', 'introduction'), ('or other biological, agency. A', 'methods'), ('Protocol,', 'methods'), ('Evaluation', 'results'), ('Regular or context-neutral', 'introduction'), ('`Ar`ok un approach to creating', 'methods'), ('(iv) Using the narrative in (i', 'methods'), ('Debates on the merits and deme', 'introduction'), ('(f.) Useful in the support for', 'methods'), ('an so forth, in conventional g', 'methods'), ('a regular language is used to ', 'introduction'), ('above explanation, the regular', 'introduction'), ('for rendering the identities a', 'introduction'), ('variable state or locations. C', 'introduction'), ('variables are reckoned simulta', 'methods'), ('effect Separation, Subtraction', 'discussion'), ('Addition, Integration during `', 'methods'), ('language"), content-sensitive ', 'introduction'), ('A Relation or Connection is re', 'introduction'), ('A Quantification is rendered a', 'introduction'), ('be rendered into informative e', 'introduction'), ('(vi.) Binary opposite is ascri', 'introduction'), ('4. If x X and y Y , then F(X, ', 'introduction'), ('A context-neutral relation adm', 'introduction'), ('When a Relation is used to asc', 'results'), ('Using relation to Simplify con', 'introduction'), ('A context-sensitive relation c', 'introduction'), ('Attempt to use binary opposite', 'introduction'), ('Married (X, Y) Married(Y, X) .', 'introduction'), ('through Three (3) variables X,', 'methods'), ('and `Ab ur`o ("Younger") are q', 'introduction'), ('(i.) E is the `E. gb o.n of A,', 'introduction'), ('(iv.) Its participants express', 'methods'), ('Aspect of a competitive proces', 'introduction'), ('Overview of strategic games', 'abstract'), ('appropriate context.', 'introduction'), ('Aim and Objectives: The aim of', 'introduction'), ('players then ensue for sharing', 'abstract'), ('according to their analysis of', 'discussion'), ('The above algorithm effects th', 'methods'), ('In a strategic game, a player ', 'introduction'), ('particularly in Game playing p', 'methods'), ('and (ii) Od`u ("Code" or "Axio', 'methods'), ('Example of the limitation in t', 'conclusion'), ('Gb`es`e ("Loss") approach to g', 'methods'), ('`Er`e ("Gain") approach to gam', 'methods'), ('Contact, connection and the in', 'introduction'), ('Overview', 'abstract'), ('2. A Context-neutral plan is p', 'introduction'), ('prescription of a consistent c', 'introduction'), ('context-sensitive plan is non-', 'introduction'), ('Context-neutral plan', 'introduction'), ('instruments of regular, contex', 'introduction'), ('Context-neutral rendering of s', 'introduction'), ('Figure 6.3: Context-neutral re', 'introduction'), ('Figure 6.4: Context-neutral re', 'introduction'), ('Context-sensitive rendering of', 'introduction'), ('Figure 6.5: Context-sensitive ', 'introduction'), ('Figure 6.6: Context-sensitive ', 'introduction'), ('(i.) Using the Python programm', 'methods'), ('(ii.) Test your system extensi', 'conclusion'), ('LABORATORY PROCEDURE AND DOCUM', 'methods'), ('assignment. Your sincere contr', 'conclusion'), ('The documentation of your expe', 'results'), ('their meanings in the context ', 'introduction'), ('Objectives of Experiment', 'introduction'), ('Experiment procedure', 'methods'), ('Discussion of results', 'results'), ('Illustrate, with examples, the', 'discussion'), ('Conclusion and Suggestions for', 'conclusion'), ('Summary and general observatio', 'abstract'), ('Tables of values and results', 'results'), ('References', 'references'), ('Background to laboratory assig', 'introduction'), ('directly observable and hence ', 'discussion'), ('3. Behaviour Analysis: This co', 'discussion'), ('4. System Design: This involve', 'methods'), ('6. Evaluation: This involves e', 'results'), ('used for the system design. Wh', 'methods'), ('Score based on the Alan Turing', 'results')]
2026-07-24 03:36:32 | INFO     | extraction_service:195 | [07fa852e-64c6-46c4-bf6a-1bd0b91849cf] Sections: ['introduction', 'introduction', 'abstract', 'results', 'conclusion', 'methods', 'abstract', 'methods', 'introduction', 'abstract', 'conclusion', 'methods', 'abstract', 'introduction', 'methods', 'introduction', 'introduction', 'introduction', 'introduction', 'discussion', 'methods', 'introduction', 'conclusion', 'methods', 'references', 'introduction', 'methods', 'introduction', 'introduction', 'abstract', 'methods', 'abstract', 'introduction', 'introduction', 'methods', 'results', 'methods', 'conclusion', 'discussion', 'methods', 'methods', 'conclusion', 'introduction', 'methods', 'references', 'methods', 'abstract', 'introduction', 'introduction', 'methods', 'introduction', 'introduction', 'introduction', 'methods', 'introduction', 'introduction', 'introduction', 'methods', 'methods', 'results', 'methods', 'methods', 'introduction', 'methods', 'methods', 'introduction', 'introduction', 'introduction', 'introduction', 'methods', 'discussion', 'methods', 'introduction', 'introduction', 'introduction', 'introduction', 'introduction', 'introduction', 'introduction', 'results', 'introduction', 'introduction', 'introduction', 'introduction', 'methods', 'introduction', 'introduction', 'methods', 'introduction', 'abstract', 'introduction', 'introduction', 'abstract', 'discussion', 'methods', 'introduction', 'methods', 'methods', 'conclusion', 'methods', 'methods', 'introduction', 'abstract', 'introduction', 'introduction', 'introduction', 'introduction', 'introduction', 'introduction', 'introduction', 'introduction', 'introduction', 'introduction', 'conclusion', 'methods', 'conclusion', 'results', 'introduction', 'introduction', 'methods', 'results', 'discussion', 'references', 'introduction', 'discussion', 'discussion', 'methods', 'results', 'methods']
2026-07-24 03:36:32 | DEBUG    | extraction_service:192 | [07fa852e-64c6-46c4-bf6a-1bd0b91849cf] Chunked: 145 (CHUNK_SIZE=800 OVERLAP=150)
2026-07-24 03:36:32 | INFO     | extraction_service:195 | [07fa852e-64c6-46c4-bf6a-1bd0b91849cf] Chunks: 145
2026-07-24 03:36:32 | INFO     | extraction_service:195 | [07fa852e-64c6-46c4-bf6a-1bd0b91849cf] Extraction complete ✓
2026-07-24 03:36:34 | DEBUG    | app.services.pdf_service:237 | [452a5255-397b-4067-89f3-e45128b82249] Loaded document from DB — status=embedding
2026-07-24 03:36:35 | DEBUG    | app.services.pdf_service:237 | [07fa852e-64c6-46c4-bf6a-1bd0b91849cf] Loaded document from DB — status=uploaded
2026-07-24 03:36:38 | DEBUG    | app.services.pdf_service:237 | [452a5255-397b-4067-89f3-e45128b82249] Loaded document from DB — status=embedding
2026-07-24 03:36:40 | DEBUG    | app.services.pdf_service:237 | [07fa852e-64c6-46c4-bf6a-1bd0b91849cf] Loaded document from DB — status=extracted
2026-07-24 03:36:41 | INFO     | rag_service:195 | [07fa852e-64c6-46c4-bf6a-1bd0b91849cf] Building FAISS index for 'CPE316LECTUREANDLAB202425RAIN_compressed.pdf' (145 chunks)
2026-07-24 03:36:41 | INFO     | embedding_service:195 | [07fa852e-64c6-46c4-bf6a-1bd0b91849cf] Embedding 145 chunks (batch=64) …
2026-07-24 03:36:41 | INFO     | app.services.embedding_service:159 | Loading embedding model 'BAAI/bge-m3' …
2026-07-24 03:36:43 | DEBUG    | app.services.pdf_service:237 | [452a5255-397b-4067-89f3-e45128b82249] Loaded document from DB — status=embedding
2026-07-24 03:36:45 | DEBUG    | app.services.pdf_service:237 | [07fa852e-64c6-46c4-bf6a-1bd0b91849cf] Loaded document from DB — status=embedding
2026-07-24 03:36:53 | DEBUG    | app.services.pdf_service:237 | [452a5255-397b-4067-89f3-e45128b82249] Loaded document from DB — status=embedding
2026-07-24 03:36:55 | DEBUG    | app.services.pdf_service:237 | [07fa852e-64c6-46c4-bf6a-1bd0b91849cf] Loaded document from DB — status=embedding
2026-07-24 03:36:59 | DEBUG    | app.services.pdf_service:237 | [452a5255-397b-4067-89f3-e45128b82249] Loaded document from DB — status=embedding
2026-07-24 03:37:00 | DEBUG    | app.services.pdf_service:237 | [07fa852e-64c6-46c4-bf6a-1bd0b91849cf] Loaded document from DB — status=embedding
2026-07-24 03:37:04 | DEBUG    | app.services.pdf_service:237 | [452a5255-397b-4067-89f3-e45128b82249] Loaded document from DB — status=embedding
2026-07-24 03:37:06 | DEBUG    | app.services.pdf_service:237 | [07fa852e-64c6-46c4-bf6a-1bd0b91849cf] Loaded document from DB — status=embedding
2026-07-24 03:37:09 | DEBUG    | app.services.pdf_service:237 | [452a5255-397b-4067-89f3-e45128b82249] Loaded document from DB — status=embedding
2026-07-24 03:37:11 | DEBUG    | app.services.pdf_service:237 | [07fa852e-64c6-46c4-bf6a-1bd0b91849cf] Loaded document from DB — status=embedding
2026-07-24 03:37:14 | DEBUG    | app.services.pdf_service:237 | [452a5255-397b-4067-89f3-e45128b82249] Loaded document from DB — status=embedding
2026-07-24 03:37:16 | DEBUG    | app.services.pdf_service:237 | [07fa852e-64c6-46c4-bf6a-1bd0b91849cf] Loaded document from DB — status=embedding
2026-07-24 03:37:19 | DEBUG    | app.services.pdf_service:237 | [452a5255-397b-4067-89f3-e45128b82249] Loaded document from DB — status=embedding
2026-07-24 03:37:21 | DEBUG    | app.services.pdf_service:237 | [07fa852e-64c6-46c4-bf6a-1bd0b91849cf] Loaded document from DB — status=embedding
2026-07-24 03:37:25 | DEBUG    | app.services.pdf_service:237 | [452a5255-397b-4067-89f3-e45128b82249] Loaded document from DB — status=embedding
2026-07-24 03:37:27 | DEBUG    | app.services.pdf_service:237 | [07fa852e-64c6-46c4-bf6a-1bd0b91849cf] Loaded document from DB — status=embedding
2026-07-24 03:37:30 | DEBUG    | app.services.pdf_service:237 | [452a5255-397b-4067-89f3-e45128b82249] Loaded document from DB — status=embedding
2026-07-24 03:37:32 | DEBUG    | app.services.pdf_service:237 | [07fa852e-64c6-46c4-bf6a-1bd0b91849cf] Loaded document from DB — status=embedding
2026-07-24 03:37:35 | DEBUG    | app.services.pdf_service:237 | [452a5255-397b-4067-89f3-e45128b82249] Loaded document from DB — status=embedding
2026-07-24 03:37:37 | DEBUG    | app.services.pdf_service:237 | [07fa852e-64c6-46c4-bf6a-1bd0b91849cf] Loaded document from DB — status=embedding
2026-07-24 03:37:41 | DEBUG    | app.services.pdf_service:237 | [452a5255-397b-4067-89f3-e45128b82249] Loaded document from DB — status=embedding
2026-07-24 03:37:42 | DEBUG    | app.services.pdf_service:237 | [07fa852e-64c6-46c4-bf6a-1bd0b91849cf] Loaded document from DB — status=embedding
2026-07-24 03:37:46 | DEBUG    | app.services.pdf_service:237 | [452a5255-397b-4067-89f3-e45128b82249] Loaded document from DB — status=embedding
2026-07-24 03:37:47 | DEBUG    | app.services.pdf_service:237 | [07fa852e-64c6-46c4-bf6a-1bd0b91849cf] Loaded document from DB — status=embedding
2026-07-24 03:37:51 | DEBUG    | app.services.pdf_service:237 | [452a5255-397b-4067-89f3-e45128b82249] Loaded document from DB — status=embedding
2026-07-24 03:37:53 | DEBUG    | app.services.pdf_service:237 | [07fa852e-64c6-46c4-bf6a-1bd0b91849cf] Loaded document from DB — status=embedding
2026-07-24 03:37:56 | DEBUG    | app.services.pdf_service:237 | [452a5255-397b-4067-89f3-e45128b82249] Loaded document from DB — status=embedding
2026-07-24 03:37:58 | DEBUG    | app.services.pdf_service:237 | [07fa852e-64c6-46c4-bf6a-1bd0b91849cf] Loaded document from DB — status=embedding
2026-07-24 03:38:01 | DEBUG    | app.services.pdf_service:237 | [452a5255-397b-4067-89f3-e45128b82249] Loaded document from DB — status=embedding
2026-07-24 03:38:03 | DEBUG    | app.services.pdf_service:237 | [07fa852e-64c6-46c4-bf6a-1bd0b91849cf] Loaded document from DB — status=embedding
2026-07-24 03:38:06 | DEBUG    | app.services.pdf_service:237 | [452a5255-397b-4067-89f3-e45128b82249] Loaded document from DB — status=embedding
2026-07-24 03:38:08 | DEBUG    | app.services.pdf_service:237 | [07fa852e-64c6-46c4-bf6a-1bd0b91849cf] Loaded document from DB — status=embedding
2026-07-24 03:38:11 | DEBUG    | app.services.pdf_service:237 | [452a5255-397b-4067-89f3-e45128b82249] Loaded document from DB — status=embedding
2026-07-24 03:38:13 | DEBUG    | app.services.pdf_service:237 | [07fa852e-64c6-46c4-bf6a-1bd0b91849cf] Loaded document from DB — status=embedding
2026-07-24 03:38:16 | DEBUG    | app.services.pdf_service:237 | [452a5255-397b-4067-89f3-e45128b82249] Loaded document from DB — status=embedding
2026-07-24 03:38:18 | DEBUG    | app.services.pdf_service:237 | [07fa852e-64c6-46c4-bf6a-1bd0b91849cf] Loaded document from DB — status=embedding
2026-07-24 03:38:21 | DEBUG    | app.services.pdf_service:237 | [452a5255-397b-4067-89f3-e45128b82249] Loaded document from DB — status=embedding
2026-07-24 03:38:23 | DEBUG    | app.services.pdf_service:237 | [07fa852e-64c6-46c4-bf6a-1bd0b91849cf] Loaded document from DB — status=embedding
2026-07-24 03:38:26 | DEBUG    | app.services.pdf_service:237 | [452a5255-397b-4067-89f3-e45128b82249] Loaded document from DB — status=embedding
2026-07-24 03:38:28 | DEBUG    | app.services.pdf_service:237 | [07fa852e-64c6-46c4-bf6a-1bd0b91849cf] Loaded document from DB — status=embedding
2026-07-24 03:38:31 | DEBUG    | app.services.pdf_service:237 | [452a5255-397b-4067-89f3-e45128b82249] Loaded document from DB — status=embedding
2026-07-24 03:38:33 | DEBUG    | app.services.pdf_service:237 | [07fa852e-64c6-46c4-bf6a-1bd0b91849cf] Loaded document from DB — status=embedding
2026-07-24 03:38:36 | DEBUG    | app.services.pdf_service:237 | [452a5255-397b-4067-89f3-e45128b82249] Loaded document from DB — status=embedding
2026-07-24 03:38:38 | DEBUG    | app.services.pdf_service:237 | [07fa852e-64c6-46c4-bf6a-1bd0b91849cf] Loaded document from DB — status=embedding
2026-07-24 03:38:41 | DEBUG    | app.services.pdf_service:237 | [452a5255-397b-4067-89f3-e45128b82249] Loaded document from DB — status=embedding
2026-07-24 03:38:43 | DEBUG    | app.services.pdf_service:237 | [07fa852e-64c6-46c4-bf6a-1bd0b91849cf] Loaded document from DB — status=embedding
2026-07-24 03:38:46 | DEBUG    | app.services.pdf_service:237 | [452a5255-397b-4067-89f3-e45128b82249] Loaded document from DB — status=embedding
2026-07-24 03:38:48 | DEBUG    | app.services.pdf_service:237 | [07fa852e-64c6-46c4-bf6a-1bd0b91849cf] Loaded document from DB — status=embedding
2026-07-24 03:38:51 | DEBUG    | app.services.pdf_service:237 | [452a5255-397b-4067-89f3-e45128b82249] Loaded document from DB — status=embedding
2026-07-24 03:38:53 | DEBUG    | app.services.pdf_service:237 | [07fa852e-64c6-46c4-bf6a-1bd0b91849cf] Loaded document from DB — status=embedding
2026-07-24 03:38:56 | DEBUG    | app.services.pdf_service:237 | [452a5255-397b-4067-89f3-e45128b82249] Loaded document from DB — status=embedding
2026-07-24 03:38:58 | DEBUG    | app.services.pdf_service:237 | [07fa852e-64c6-46c4-bf6a-1bd0b91849cf] Loaded document from DB — status=embedding
2026-07-24 03:39:01 | DEBUG    | app.services.pdf_service:237 | [452a5255-397b-4067-89f3-e45128b82249] Loaded document from DB — status=embedding
2026-07-24 03:39:03 | DEBUG    | app.services.pdf_service:237 | [07fa852e-64c6-46c4-bf6a-1bd0b91849cf] Loaded document from DB — status=embedding
2026-07-24 03:39:06 | DEBUG    | app.services.pdf_service:237 | [452a5255-397b-4067-89f3-e45128b82249] Loaded document from DB — status=embedding
2026-07-24 03:39:08 | DEBUG    | app.services.pdf_service:237 | [07fa852e-64c6-46c4-bf6a-1bd0b91849cf] Loaded document from DB — status=embedding
2026-07-24 03:39:12 | DEBUG    | app.services.pdf_service:237 | [452a5255-397b-4067-89f3-e45128b82249] Loaded document from DB — status=embedding
2026-07-24 03:39:13 | DEBUG    | app.services.pdf_service:237 | [07fa852e-64c6-46c4-bf6a-1bd0b91849cf] Loaded document from DB — status=embedding
2026-07-24 03:39:17 | DEBUG    | app.services.pdf_service:237 | [452a5255-397b-4067-89f3-e45128b82249] Loaded document from DB — status=embedding
2026-07-24 03:39:19 | DEBUG    | app.services.pdf_service:237 | [07fa852e-64c6-46c4-bf6a-1bd0b91849cf] Loaded document from DB — status=embedding
2026-07-24 03:39:22 | DEBUG    | app.services.pdf_service:237 | [452a5255-397b-4067-89f3-e45128b82249] Loaded document from DB — status=embedding
2026-07-24 03:39:27 | DEBUG    | app.services.pdf_service:237 | [07fa852e-64c6-46c4-bf6a-1bd0b91849cf] Loaded document from DB — status=embedding
2026-07-24 03:39:32 | INFO     | app.services.embedding_service:161 | Embedding model loaded ✓
2026-07-24 03:39:59 | DEBUG    | app.services.pdf_service:237 | [452a5255-397b-4067-89f3-e45128b82249] Loaded document from DB — status=embedding
2026-07-24 03:40:30 | DEBUG    | app.services.pdf_service:237 | [452a5255-397b-4067-89f3-e45128b82249] Loaded document from DB — status=embedding
2026-07-24 03:40:43 | DEBUG    | app.services.pdf_service:237 | [452a5255-397b-4067-89f3-e45128b82249] Loaded document from DB — status=embedding
2026-07-24 03:40:44 | DEBUG    | app.services.pdf_service:237 | [452a5255-397b-4067-89f3-e45128b82249] Loaded document from DB — status=embedding
2026-07-24 03:40:45 | DEBUG    | app.services.pdf_service:237 | [07fa852e-64c6-46c4-bf6a-1bd0b91849cf] Loaded document from DB — status=embedding
2026-07-24 03:41:04 | DEBUG    | app.services.pdf_service:237 | [452a5255-397b-4067-89f3-e45128b82249] Loaded document from DB — status=embedding
2026-07-24 03:41:07 | DEBUG    | app.services.pdf_service:237 | [452a5255-397b-4067-89f3-e45128b82249] Loaded document from DB — status=embedding
2026-07-24 03:41:10 | DEBUG    | app.services.pdf_service:237 | [07fa852e-64c6-46c4-bf6a-1bd0b91849cf] Loaded document from DB — status=embedding
2026-07-24 03:41:26 | DEBUG    | app.services.pdf_service:237 | [07fa852e-64c6-46c4-bf6a-1bd0b91849cf] Loaded document from DB — status=embedding
2026-07-24 03:41:37 | DEBUG    | app.services.pdf_service:237 | [452a5255-397b-4067-89f3-e45128b82249] Loaded document from DB — status=embedding
2026-07-24 03:41:45 | DEBUG    | app.services.pdf_service:237 | [07fa852e-64c6-46c4-bf6a-1bd0b91849cf] Loaded document from DB — status=embedding
2026-07-24 03:41:50 | DEBUG    | app.services.pdf_service:237 | [452a5255-397b-4067-89f3-e45128b82249] Loaded document from DB — status=embedding
2026-07-24 03:42:06 | DEBUG    | app.services.pdf_service:237 | [07fa852e-64c6-46c4-bf6a-1bd0b91849cf] Loaded document from DB — status=embedding
2026-07-24 03:42:12 | DEBUG    | app.services.pdf_service:237 | [07fa852e-64c6-46c4-bf6a-1bd0b91849cf] Loaded document from DB — status=embedding
2026-07-24 03:42:13 | DEBUG    | app.services.pdf_service:237 | [452a5255-397b-4067-89f3-e45128b82249] Loaded document from DB — status=embedding
2026-07-24 03:42:16 | DEBUG    | app.services.pdf_service:237 | [07fa852e-64c6-46c4-bf6a-1bd0b91849cf] Loaded document from DB — status=embedding
2026-07-24 03:42:17 | DEBUG    | app.services.pdf_service:237 | [07fa852e-64c6-46c4-bf6a-1bd0b91849cf] Loaded document from DB — status=embedding
2026-07-24 03:42:18 | DEBUG    | app.services.pdf_service:237 | [452a5255-397b-4067-89f3-e45128b82249] Loaded document from DB — status=embedding
2026-07-24 03:42:19 | DEBUG    | app.services.pdf_service:237 | [452a5255-397b-4067-89f3-e45128b82249] Loaded document from DB — status=embedding
2026-07-24 03:42:20 | DEBUG    | app.services.pdf_service:237 | [452a5255-397b-4067-89f3-e45128b82249] Loaded document from DB — status=embedding
2026-07-24 03:42:20 | DEBUG    | app.services.pdf_service:237 | [07fa852e-64c6-46c4-bf6a-1bd0b91849cf] Loaded document from DB — status=embedding
2026-07-24 03:42:35 | DEBUG    | app.services.pdf_service:237 | [07fa852e-64c6-46c4-bf6a-1bd0b91849cf] Loaded document from DB — status=embedding
2026-07-24 03:42:35 | DEBUG    | app.services.pdf_service:237 | [452a5255-397b-4067-89f3-e45128b82249] Loaded document from DB — status=embedding
2026-07-24 03:42:35 | DEBUG    | app.services.pdf_service:237 | [452a5255-397b-4067-89f3-e45128b82249] Loaded document from DB — status=embedding
2026-07-24 03:42:35 | DEBUG    | app.services.pdf_service:237 | [07fa852e-64c6-46c4-bf6a-1bd0b91849cf] Loaded document from DB — status=embedding
2026-07-24 03:42:36 | DEBUG    | app.services.pdf_service:237 | [07fa852e-64c6-46c4-bf6a-1bd0b91849cf] Loaded document from DB — status=embedding
2026-07-24 03:42:36 | DEBUG    | app.services.pdf_service:237 | [452a5255-397b-4067-89f3-e45128b82249] Loaded document from DB — status=embedding
2026-07-24 03:42:38 | DEBUG    | app.services.pdf_service:237 | [07fa852e-64c6-46c4-bf6a-1bd0b91849cf] Loaded document from DB — status=embedding
2026-07-24 03:42:48 | DEBUG    | app.services.pdf_service:237 | [07fa852e-64c6-46c4-bf6a-1bd0b91849cf] Loaded document from DB — status=embedding
2026-07-24 03:42:50 | DEBUG    | app.services.pdf_service:237 | [07fa852e-64c6-46c4-bf6a-1bd0b91849cf] Loaded document from DB — status=embedding
2026-07-24 03:42:50 | DEBUG    | app.services.pdf_service:237 | [452a5255-397b-4067-89f3-e45128b82249] Loaded document from DB — status=embedding
2026-07-24 03:42:51 | DEBUG    | app.services.pdf_service:237 | [452a5255-397b-4067-89f3-e45128b82249] Loaded document from DB — status=embedding
2026-07-24 03:42:51 | DEBUG    | app.services.pdf_service:237 | [452a5255-397b-4067-89f3-e45128b82249] Loaded document from DB — status=embedding
2026-07-24 03:42:53 | DEBUG    | app.services.pdf_service:237 | [452a5255-397b-4067-89f3-e45128b82249] Loaded document from DB — status=embedding
2026-07-24 03:43:31 | DEBUG    | app.services.pdf_service:237 | [452a5255-397b-4067-89f3-e45128b82249] Loaded document from DB — status=embedding
2026-07-24 03:43:31 | DEBUG    | app.services.pdf_service:237 | [07fa852e-64c6-46c4-bf6a-1bd0b91849cf] Loaded document from DB — status=embedding
2026-07-24 03:43:33 | DEBUG    | app.services.pdf_service:237 | [452a5255-397b-4067-89f3-e45128b82249] Loaded document from DB — status=embedding
2026-07-24 03:43:34 | DEBUG    | app.services.pdf_service:237 | [07fa852e-64c6-46c4-bf6a-1bd0b91849cf] Loaded document from DB — status=embedding
2026-07-24 03:43:36 | DEBUG    | app.services.pdf_service:237 | [07fa852e-64c6-46c4-bf6a-1bd0b91849cf] Loaded document from DB — status=embedding
2026-07-24 03:46:37 | DEBUG    | app.services.pdf_service:237 | [07fa852e-64c6-46c4-bf6a-1bd0b91849cf] Loaded document from DB — status=embedding
2026-07-24 03:47:34 | DEBUG    | app.services.pdf_service:237 | [07fa852e-64c6-46c4-bf6a-1bd0b91849cf] Loaded document from DB — status=embedding
2026-07-24 03:47:59 | DEBUG    | app.services.pdf_service:237 | [07fa852e-64c6-46c4-bf6a-1bd0b91849cf] Loaded document from DB — status=embedding
2026-07-24 03:56:35 | DEBUG    | app.services.pdf_service:237 | [452a5255-397b-4067-89f3-e45128b82249] Loaded document from DB — status=embedding
2026-07-24 03:57:58 | DEBUG    | app.services.pdf_service:237 | [07fa852e-64c6-46c4-bf6a-1bd0b91849cf] Loaded document from DB — status=embedding
2026-07-24 04:32:35 | INFO     | app.services.ai_router:119 | AIRouter ready — OR model=openrouter/free  HF model=meta-llama/Llama-3.1-8B-Instruct:cerebras  HF url=https://router.huggingface.co/v1
2026-07-24 04:32:35 | INFO     | app.services.pdf_service:46 | PDFService initialised
2026-07-24 04:32:35 | INFO     | app.services.embedding_service:205 | EmbeddingService ready (model will load on first use)
2026-07-24 04:32:35 | INFO     | app.services.rag_service:81 | RAGService initialised
2026-07-24 04:32:35 | INFO     | app.services.extraction_service:221 | ExtractionService initialised
2026-07-24 04:33:33 | INFO     | app.services.ai_router:119 | AIRouter ready — OR model=openrouter/free  HF model=meta-llama/Llama-3.1-8B-Instruct:cerebras  HF url=https://router.huggingface.co/v1
2026-07-24 04:33:33 | INFO     | app.services.pdf_service:46 | PDFService initialised
2026-07-24 04:33:33 | INFO     | app.services.embedding_service:205 | EmbeddingService ready (model will load on first use)
2026-07-24 04:33:33 | INFO     | app.services.rag_service:81 | RAGService initialised
2026-07-24 04:33:33 | INFO     | app.services.extraction_service:221 | ExtractionService initialised
2026-07-24 04:33:45 | INFO     | app.auth:66 | Firebase Admin initialised for project 'spoudazo-fa02f'
2026-07-24 04:34:23 | INFO     | pdf_service:195 | [0f4c447f-d814-4e9e-ae62-71e6669b731b] Saved 'CPE316LECTUREANDLAB202425RAIN.pdf' → C:\Users\User\Downloads\spoudazo-api-seed\spoudazo-api-seed\data\uploads\0f4c447f-d814-4e9e-ae62-71e6669b731b_CPE316LECTUREANDLAB202425RAIN.pdf (2,041,093 bytes)
2026-07-24 04:34:24 | INFO     | pdf_service:195 | [0f4c447f-d814-4e9e-ae62-71e6669b731b] Document record created — status=uploaded
2026-07-24 04:34:25 | DEBUG    | app.services.pdf_service:237 | [0f4c447f-d814-4e9e-ae62-71e6669b731b] Loaded document from DB — status=uploaded
2026-07-24 04:34:25 | INFO     | extraction_service:195 | [0f4c447f-d814-4e9e-ae62-71e6669b731b] Extracting 'CPE316LECTUREANDLAB202425RAIN.pdf'
2026-07-24 04:34:31 | WARNING  | app.services.extraction_service:210 | OCR unavailable: tesseract is not installed or it's not in your PATH. See README file for more information. — scanned PDFs will have empty text
2026-07-24 04:34:32 | INFO     | extraction_service:195 | [0f4c447f-d814-4e9e-ae62-71e6669b731b] OCR: 0/105 pages via OCR
2026-07-24 04:34:32 | INFO     | extraction_service:195 | [0f4c447f-d814-4e9e-ae62-71e6669b731b] title='Il E-if`e. , Nigeria This Document is Not for Sale' | authors=0 | doi=— | issn=2024-2025 | journal='—' | pages=2024-2025
2026-07-24 04:34:32 | INFO     | extraction_service:195 | [0f4c447f-d814-4e9e-ae62-71e6669b731b] Extracted 105 pages · 40500 words · scanned=False
2026-07-24 04:34:32 | DEBUG    | extraction_service:192 | [0f4c447f-d814-4e9e-ae62-71e6669b731b] Headings found: [('CPE 316: Introduction to Artif', 'introduction'), ('"Artificial Intelligence": An ', 'introduction'), ('Summary . . . . . . . . . . . ', 'abstract'), ('Conventional assessment and ev', 'results'), ('Limitation of "Turing Test" an', 'conclusion'), ('Speech synthesis system . . . ', 'methods'), ('`Ar`ok un perspective of O. gb', 'abstract'), ('`Ar`ok un approach to creating', 'methods'), ('Using relation to Simplify con', 'introduction'), ('Overview of strategic games . ', 'abstract'), ('Example of the limitation in t', 'conclusion'), ('Gb`es`e ("Loss") approach to g', 'methods'), ('Overview . . . . . . . . . . .', 'abstract'), ('Context-neutral rendering of s', 'introduction'), ('Laboratory PROCEDURE and Docum', 'methods'), ('Background to laboratory assig', 'introduction'), ('Context-neutral rendering of l', 'introduction'), ('Context-sensitive rendering of', 'introduction'), ('"ARTIFICIAL INTELLIGENCE": AN ', 'introduction'), ('ignored, jettisoned and/or con', 'discussion'), ('Though his explanation aligns ', 'methods'), ('context-sensitive language. A ', 'introduction'), ('grounded in the European Intel', 'conclusion'), ('forth, ascribed to the sensory', 'methods'), ('Several references to the use ', 'references'), ('perspective is limited to inst', 'introduction'), ('Synthesis Systems", "Automatic', 'methods'), ('language. An instrument of con', 'introduction'), ('exclusive and contradictory. T', 'introduction'), ('Summary', 'abstract'), ('Human mental activities are ef', 'methods'), ('and (iv) `Agunl a ("Ignorant")', 'abstract'), ('context-neutral or context-sen', 'introduction'), ('an agency, through an instrume', 'introduction'), ('in his/her/its mental beingnes', 'methods'), ('any Two (2) pair as precisely ', 'introduction'), ('Conventional assessment and ev', 'results'), ('to be appreciated more by thos', 'methods'), ('and other physiological limita', 'conclusion'), ('too meaningless to deserve dis', 'discussion'), ('There are a number of challeng', 'introduction'), ('of these objections questioned', 'methods'), ('vice versa. AgIN also has acce', 'methods'), ('Limitation of "Turing Test" an', 'conclusion'), ('some context.', 'introduction'), ('the ambit of instruments of la', 'methods'), ('Using available textbooks and ', 'references'), ('Speech synthesis system', 'methods'), ('`Ar`ok un perspective of O. gb', 'abstract'), ('and explicable to the extent t', 'introduction'), ('("Bees")). The term intelligen', 'introduction'), ('Therefore, the observation asc', 'methods'), ('the ambit of instruments langu', 'methods'), ('through an instrument of conte', 'introduction'), ('(iii.) O. gb o. n (The "Intell', 'introduction'), ('implement the solution appropr', 'introduction'), ('observation of the phenomenon ', 'methods'), ('intelligence manifest during t', 'introduction'), ('The context-neutral rendering ', 'introduction'), ('Aspect of the creativity deplo', 'introduction'), ('or other biological, agency. A', 'methods'), ('Protocol,', 'methods'), ('Evaluation', 'results'), ('Regular or context-neutral', 'introduction'), ('`Ar`ok un approach to creating', 'methods'), ('(iv) Using the narrative in (i', 'methods'), ('Debates on the merits and deme', 'introduction'), ('(f.) Useful in the support for', 'methods'), ('an so forth, in conventional g', 'methods'), ('a regular language is used to ', 'introduction'), ('above explanation, the regular', 'introduction'), ('for rendering the identities a', 'introduction'), ('variable state or locations. C', 'introduction'), ('variables are reckoned simulta', 'methods'), ('effect Separation, Subtraction', 'discussion'), ('Addition, Integration during `', 'methods'), ('language"), content-sensitive ', 'introduction'), ('A Relation or Connection is re', 'introduction'), ('A Quantification is rendered a', 'introduction'), ('be rendered into informative e', 'introduction'), ('(vi.) Binary opposite is ascri', 'introduction'), ('4. If x X and y Y , then F(X, ', 'introduction'), ('A context-neutral relation adm', 'introduction'), ('When a Relation is used to asc', 'results'), ('Using relation to Simplify con', 'introduction'), ('A context-sensitive relation c', 'introduction'), ('Attempt to use binary opposite', 'introduction'), ('Married (X, Y) Married(Y, X) .', 'introduction'), ('through Three (3) variables X,', 'methods'), ('and `Ab ur`o ("Younger") are q', 'introduction'), ('(i.) E is the `E. gb o.n of A,', 'introduction'), ('(iv.) Its participants express', 'methods'), ('Aspect of a competitive proces', 'introduction'), ('Overview of strategic games', 'abstract'), ('appropriate context.', 'introduction'), ('Aim and Objectives: The aim of', 'introduction'), ('players then ensue for sharing', 'abstract'), ('according to their analysis of', 'discussion'), ('The above algorithm effects th', 'methods'), ('In a strategic game, a player ', 'introduction'), ('particularly in Game playing p', 'methods'), ('and (ii) Od`u ("Code" or "Axio', 'methods'), ('Example of the limitation in t', 'conclusion'), ('Gb`es`e ("Loss") approach to g', 'methods'), ('`Er`e ("Gain") approach to gam', 'methods'), ('Contact, connection and the in', 'introduction'), ('Overview', 'abstract'), ('2. A Context-neutral plan is p', 'introduction'), ('prescription of a consistent c', 'introduction'), ('context-sensitive plan is non-', 'introduction'), ('Context-neutral plan', 'introduction'), ('instruments of regular, contex', 'introduction'), ('Context-neutral rendering of s', 'introduction'), ('Figure 6.3: Context-neutral re', 'introduction'), ('Figure 6.4: Context-neutral re', 'introduction'), ('Context-sensitive rendering of', 'introduction'), ('Figure 6.5: Context-sensitive ', 'introduction'), ('Figure 6.6: Context-sensitive ', 'introduction'), ('(i.) Using the Python programm', 'methods'), ('(ii.) Test your system extensi', 'conclusion'), ('LABORATORY PROCEDURE AND DOCUM', 'methods'), ('assignment. Your sincere contr', 'conclusion'), ('The documentation of your expe', 'results'), ('their meanings in the context ', 'introduction'), ('Objectives of Experiment', 'introduction'), ('Experiment procedure', 'methods'), ('Discussion of results', 'results'), ('Illustrate, with examples, the', 'discussion'), ('Conclusion and Suggestions for', 'conclusion'), ('Summary and general observatio', 'abstract'), ('Tables of values and results', 'results'), ('References', 'references'), ('Background to laboratory assig', 'introduction'), ('directly observable and hence ', 'discussion'), ('3. Behaviour Analysis: This co', 'discussion'), ('4. System Design: This involve', 'methods'), ('6. Evaluation: This involves e', 'results'), ('used for the system design. Wh', 'methods'), ('Score based on the Alan Turing', 'results')]
2026-07-24 04:34:32 | INFO     | extraction_service:195 | [0f4c447f-d814-4e9e-ae62-71e6669b731b] Sections: ['introduction', 'introduction', 'abstract', 'results', 'conclusion', 'methods', 'abstract', 'methods', 'introduction', 'abstract', 'conclusion', 'methods', 'abstract', 'introduction', 'methods', 'introduction', 'introduction', 'introduction', 'introduction', 'discussion', 'methods', 'introduction', 'conclusion', 'methods', 'references', 'introduction', 'methods', 'introduction', 'introduction', 'abstract', 'methods', 'abstract', 'introduction', 'introduction', 'methods', 'results', 'methods', 'conclusion', 'discussion', 'methods', 'methods', 'conclusion', 'introduction', 'methods', 'references', 'methods', 'abstract', 'introduction', 'introduction', 'methods', 'introduction', 'introduction', 'introduction', 'methods', 'introduction', 'introduction', 'introduction', 'methods', 'methods', 'results', 'methods', 'methods', 'introduction', 'methods', 'methods', 'introduction', 'introduction', 'introduction', 'introduction', 'methods', 'discussion', 'methods', 'introduction', 'introduction', 'introduction', 'introduction', 'introduction', 'introduction', 'introduction', 'results', 'introduction', 'introduction', 'introduction', 'introduction', 'methods', 'introduction', 'introduction', 'methods', 'introduction', 'abstract', 'introduction', 'introduction', 'abstract', 'discussion', 'methods', 'introduction', 'methods', 'methods', 'conclusion', 'methods', 'methods', 'introduction', 'abstract', 'introduction', 'introduction', 'introduction', 'introduction', 'introduction', 'introduction', 'introduction', 'introduction', 'introduction', 'introduction', 'conclusion', 'methods', 'conclusion', 'results', 'introduction', 'introduction', 'methods', 'results', 'discussion', 'references', 'introduction', 'discussion', 'discussion', 'methods', 'results', 'methods']
2026-07-24 04:34:32 | DEBUG    | extraction_service:192 | [0f4c447f-d814-4e9e-ae62-71e6669b731b] Chunked: 145 (CHUNK_SIZE=800 OVERLAP=150)
2026-07-24 04:34:32 | INFO     | extraction_service:195 | [0f4c447f-d814-4e9e-ae62-71e6669b731b] Chunks: 145
2026-07-24 04:34:32 | INFO     | extraction_service:195 | [0f4c447f-d814-4e9e-ae62-71e6669b731b] Extraction complete ✓
2026-07-24 04:34:33 | DEBUG    | app.services.pdf_service:237 | [0f4c447f-d814-4e9e-ae62-71e6669b731b] Loaded document from DB — status=uploaded
2026-07-24 04:34:35 | DEBUG    | app.services.pdf_service:237 | [0f4c447f-d814-4e9e-ae62-71e6669b731b] Loaded document from DB — status=uploaded
2026-07-24 04:34:41 | INFO     | rag_service:195 | [0f4c447f-d814-4e9e-ae62-71e6669b731b] Building FAISS index for 'CPE316LECTUREANDLAB202425RAIN.pdf' (145 chunks)
2026-07-24 04:34:41 | INFO     | embedding_service:195 | [0f4c447f-d814-4e9e-ae62-71e6669b731b] Embedding 145 chunks (batch=64) …
2026-07-24 04:34:41 | INFO     | app.services.embedding_service:159 | Loading embedding model 'BAAI/bge-m3' …
2026-07-24 04:34:43 | DEBUG    | app.services.pdf_service:237 | [0f4c447f-d814-4e9e-ae62-71e6669b731b] Loaded document from DB — status=embedding
2026-07-24 04:34:48 | DEBUG    | app.services.pdf_service:237 | [0f4c447f-d814-4e9e-ae62-71e6669b731b] Loaded document from DB — status=embedding
2026-07-24 04:34:54 | DEBUG    | app.services.pdf_service:237 | [0f4c447f-d814-4e9e-ae62-71e6669b731b] Loaded document from DB — status=embedding
2026-07-24 04:34:58 | DEBUG    | app.services.pdf_service:237 | [0f4c447f-d814-4e9e-ae62-71e6669b731b] Loaded document from DB — status=embedding
2026-07-24 04:35:05 | DEBUG    | app.services.pdf_service:237 | [0f4c447f-d814-4e9e-ae62-71e6669b731b] Loaded document from DB — status=embedding
2026-07-24 04:35:13 | DEBUG    | app.services.pdf_service:237 | [0f4c447f-d814-4e9e-ae62-71e6669b731b] Loaded document from DB — status=embedding
2026-07-24 04:35:21 | DEBUG    | app.services.pdf_service:237 | [0f4c447f-d814-4e9e-ae62-71e6669b731b] Loaded document from DB — status=embedding
2026-07-24 04:35:29 | DEBUG    | app.services.pdf_service:237 | [0f4c447f-d814-4e9e-ae62-71e6669b731b] Loaded document from DB — status=embedding
2026-07-24 04:35:37 | DEBUG    | app.services.pdf_service:237 | [0f4c447f-d814-4e9e-ae62-71e6669b731b] Loaded document from DB — status=embedding
2026-07-24 04:35:45 | DEBUG    | app.services.pdf_service:237 | [0f4c447f-d814-4e9e-ae62-71e6669b731b] Loaded document from DB — status=embedding
2026-07-24 04:35:53 | DEBUG    | app.services.pdf_service:237 | [0f4c447f-d814-4e9e-ae62-71e6669b731b] Loaded document from DB — status=embedding
2026-07-24 04:36:01 | DEBUG    | app.services.pdf_service:237 | [0f4c447f-d814-4e9e-ae62-71e6669b731b] Loaded document from DB — status=embedding
2026-07-24 04:36:09 | DEBUG    | app.services.pdf_service:237 | [0f4c447f-d814-4e9e-ae62-71e6669b731b] Loaded document from DB — status=embedding
2026-07-24 04:36:17 | DEBUG    | app.services.pdf_service:237 | [0f4c447f-d814-4e9e-ae62-71e6669b731b] Loaded document from DB — status=embedding
2026-07-24 04:36:25 | DEBUG    | app.services.pdf_service:237 | [0f4c447f-d814-4e9e-ae62-71e6669b731b] Loaded document from DB — status=embedding
2026-07-24 04:36:32 | INFO     | app.services.embedding_service:161 | Embedding model loaded ✓
2026-07-24 04:37:20 | DEBUG    | app.services.pdf_service:237 | [0f4c447f-d814-4e9e-ae62-71e6669b731b] Loaded document from DB — status=embedding
2026-07-24 04:37:46 | DEBUG    | app.services.pdf_service:237 | [0f4c447f-d814-4e9e-ae62-71e6669b731b] Loaded document from DB — status=embedding
2026-07-24 04:38:06 | DEBUG    | app.services.pdf_service:237 | [0f4c447f-d814-4e9e-ae62-71e6669b731b] Loaded document from DB — status=embedding
2026-07-24 04:38:08 | DEBUG    | app.services.pdf_service:237 | [0f4c447f-d814-4e9e-ae62-71e6669b731b] Loaded document from DB — status=embedding
2026-07-24 04:38:09 | DEBUG    | app.services.pdf_service:237 | [0f4c447f-d814-4e9e-ae62-71e6669b731b] Loaded document from DB — status=embedding
2026-07-24 04:38:11 | DEBUG    | app.services.pdf_service:237 | [0f4c447f-d814-4e9e-ae62-71e6669b731b] Loaded document from DB — status=embedding
2026-07-24 04:38:18 | DEBUG    | app.services.pdf_service:237 | [0f4c447f-d814-4e9e-ae62-71e6669b731b] Loaded document from DB — status=embedding
2026-07-24 04:38:38 | DEBUG    | app.services.pdf_service:237 | [0f4c447f-d814-4e9e-ae62-71e6669b731b] Loaded document from DB — status=embedding
2026-07-24 04:38:40 | DEBUG    | app.services.pdf_service:237 | [0f4c447f-d814-4e9e-ae62-71e6669b731b] Loaded document from DB — status=embedding
2026-07-24 04:38:40 | DEBUG    | app.services.pdf_service:237 | [0f4c447f-d814-4e9e-ae62-71e6669b731b] Loaded document from DB — status=embedding
2026-07-24 04:38:41 | DEBUG    | app.services.pdf_service:237 | [0f4c447f-d814-4e9e-ae62-71e6669b731b] Loaded document from DB — status=embedding
2026-07-24 04:38:41 | DEBUG    | app.services.pdf_service:237 | [0f4c447f-d814-4e9e-ae62-71e6669b731b] Loaded document from DB — status=embedding
2026-07-24 04:38:42 | DEBUG    | app.services.pdf_service:237 | [0f4c447f-d814-4e9e-ae62-71e6669b731b] Loaded document from DB — status=embedding
2026-07-24 04:38:56 | DEBUG    | app.services.pdf_service:237 | [0f4c447f-d814-4e9e-ae62-71e6669b731b] Loaded document from DB — status=embedding
2026-07-24 04:38:59 | DEBUG    | app.services.pdf_service:237 | [0f4c447f-d814-4e9e-ae62-71e6669b731b] Loaded document from DB — status=embedding
2026-07-24 04:39:14 | DEBUG    | app.services.pdf_service:237 | [0f4c447f-d814-4e9e-ae62-71e6669b731b] Loaded document from DB — status=embedding
2026-07-24 04:39:26 | DEBUG    | app.services.pdf_service:237 | [0f4c447f-d814-4e9e-ae62-71e6669b731b] Loaded document from DB — status=embedding
2026-07-24 04:39:26 | DEBUG    | app.services.pdf_service:237 | [0f4c447f-d814-4e9e-ae62-71e6669b731b] Loaded document from DB — status=embedding
2026-07-24 04:39:28 | DEBUG    | app.services.pdf_service:237 | [0f4c447f-d814-4e9e-ae62-71e6669b731b] Loaded document from DB — status=embedding
2026-07-24 04:39:41 | DEBUG    | app.services.pdf_service:237 | [0f4c447f-d814-4e9e-ae62-71e6669b731b] Loaded document from DB — status=embedding
2026-07-24 04:39:42 | DEBUG    | app.services.pdf_service:237 | [0f4c447f-d814-4e9e-ae62-71e6669b731b] Loaded document from DB — status=embedding
2026-07-24 04:39:49 | DEBUG    | app.services.pdf_service:237 | [0f4c447f-d814-4e9e-ae62-71e6669b731b] Loaded document from DB — status=embedding
2026-07-24 04:39:54 | DEBUG    | app.services.pdf_service:237 | [0f4c447f-d814-4e9e-ae62-71e6669b731b] Loaded document from DB — status=embedding
2026-07-24 04:39:56 | DEBUG    | app.services.pdf_service:237 | [0f4c447f-d814-4e9e-ae62-71e6669b731b] Loaded document from DB — status=embedding
2026-07-24 04:42:38 | DEBUG    | app.services.pdf_service:237 | [0f4c447f-d814-4e9e-ae62-71e6669b731b] Loaded document from DB — status=embedding
2026-07-24 04:42:41 | DEBUG    | app.services.pdf_service:237 | [0f4c447f-d814-4e9e-ae62-71e6669b731b] Loaded document from DB — status=embedding
2026-07-24 04:42:42 | DEBUG    | app.services.pdf_service:237 | [0f4c447f-d814-4e9e-ae62-71e6669b731b] Loaded document from DB — status=embedding
2026-07-24 04:42:48 | DEBUG    | app.services.pdf_service:237 | [0f4c447f-d814-4e9e-ae62-71e6669b731b] Loaded document from DB — status=embedding
2026-07-24 04:42:54 | DEBUG    | app.services.pdf_service:237 | [0f4c447f-d814-4e9e-ae62-71e6669b731b] Loaded document from DB — status=embedding
2026-07-24 04:43:24 | DEBUG    | app.services.pdf_service:237 | [0f4c447f-d814-4e9e-ae62-71e6669b731b] Loaded document from DB — status=embedding
2026-07-24 05:21:47 | DEBUG    | app.services.pdf_service:237 | [0f4c447f-d814-4e9e-ae62-71e6669b731b] Loaded document from DB — status=embedding
2026-07-24 05:21:47 | DEBUG    | app.services.pdf_service:237 | [0f4c447f-d814-4e9e-ae62-71e6669b731b] Loaded document from DB — status=embedding
2026-07-24 05:21:47 | DEBUG    | app.services.pdf_service:237 | [0f4c447f-d814-4e9e-ae62-71e6669b731b] Loaded document from DB — status=embedding
2026-07-24 05:21:53 | DEBUG    | app.services.pdf_service:237 | [0f4c447f-d814-4e9e-ae62-71e6669b731b] Loaded document from DB — status=embedding
2026-07-24 05:21:53 | DEBUG    | app.services.pdf_service:237 | [0f4c447f-d814-4e9e-ae62-71e6669b731b] Loaded document from DB — status=embedding
2026-07-24 05:21:55 | DEBUG    | app.services.pdf_service:237 | [0f4c447f-d814-4e9e-ae62-71e6669b731b] Loaded document from DB — status=embedding
2026-07-24 05:24:19 | DEBUG    | app.services.pdf_service:237 | [0f4c447f-d814-4e9e-ae62-71e6669b731b] Loaded document from DB — status=embedding
2026-07-24 05:24:19 | DEBUG    | app.services.pdf_service:237 | [0f4c447f-d814-4e9e-ae62-71e6669b731b] Loaded document from DB — status=embedding
2026-07-24 05:24:19 | DEBUG    | app.services.pdf_service:237 | [0f4c447f-d814-4e9e-ae62-71e6669b731b] Loaded document from DB — status=embedding
2026-07-24 05:24:19 | DEBUG    | app.services.pdf_service:237 | [0f4c447f-d814-4e9e-ae62-71e6669b731b] Loaded document from DB — status=embedding
2026-07-24 05:24:22 | DEBUG    | app.services.pdf_service:237 | [0f4c447f-d814-4e9e-ae62-71e6669b731b] Loaded document from DB — status=embedding
2026-07-24 05:24:23 | DEBUG    | app.services.pdf_service:237 | [0f4c447f-d814-4e9e-ae62-71e6669b731b] Loaded document from DB — status=embedding
2026-07-24 05:24:28 | DEBUG    | app.services.pdf_service:237 | [0f4c447f-d814-4e9e-ae62-71e6669b731b] Loaded document from DB — status=embedding
2026-07-24 05:24:29 | DEBUG    | app.services.pdf_service:237 | [0f4c447f-d814-4e9e-ae62-71e6669b731b] Loaded document from DB — status=embedding
2026-07-24 05:24:29 | DEBUG    | app.services.pdf_service:237 | [0f4c447f-d814-4e9e-ae62-71e6669b731b] Loaded document from DB — status=embedding
2026-07-24 05:24:29 | DEBUG    | app.services.pdf_service:237 | [0f4c447f-d814-4e9e-ae62-71e6669b731b] Loaded document from DB — status=embedding
2026-07-24 05:24:30 | DEBUG    | app.services.pdf_service:237 | [0f4c447f-d814-4e9e-ae62-71e6669b731b] Loaded document from DB — status=embedding
2026-07-24 05:24:30 | DEBUG    | app.services.pdf_service:237 | [0f4c447f-d814-4e9e-ae62-71e6669b731b] Loaded document from DB — status=embedding
2026-07-24 05:24:35 | DEBUG    | app.services.pdf_service:237 | [0f4c447f-d814-4e9e-ae62-71e6669b731b] Loaded document from DB — status=embedding
2026-07-24 05:24:35 | DEBUG    | app.services.pdf_service:237 | [0f4c447f-d814-4e9e-ae62-71e6669b731b] Loaded document from DB — status=embedding
2026-07-24 05:24:35 | DEBUG    | app.services.pdf_service:237 | [0f4c447f-d814-4e9e-ae62-71e6669b731b] Loaded document from DB — status=embedding
2026-07-24 05:24:36 | DEBUG    | app.services.pdf_service:237 | [0f4c447f-d814-4e9e-ae62-71e6669b731b] Loaded document from DB — status=embedding
2026-07-24 05:24:36 | DEBUG    | app.services.pdf_service:237 | [0f4c447f-d814-4e9e-ae62-71e6669b731b] Loaded document from DB — status=embedding
2026-07-24 05:24:39 | DEBUG    | app.services.pdf_service:237 | [0f4c447f-d814-4e9e-ae62-71e6669b731b] Loaded document from DB — status=embedding
2026-07-24 05:24:43 | DEBUG    | app.services.pdf_service:237 | [0f4c447f-d814-4e9e-ae62-71e6669b731b] Loaded document from DB — status=embedding
2026-07-24 05:24:43 | DEBUG    | app.services.pdf_service:237 | [0f4c447f-d814-4e9e-ae62-71e6669b731b] Loaded document from DB — status=embedding
2026-07-24 05:24:43 | DEBUG    | app.services.pdf_service:237 | [0f4c447f-d814-4e9e-ae62-71e6669b731b] Loaded document from DB — status=embedding
2026-07-24 05:24:43 | DEBUG    | app.services.pdf_service:237 | [0f4c447f-d814-4e9e-ae62-71e6669b731b] Loaded document from DB — status=embedding
2026-07-24 05:24:44 | DEBUG    | app.services.pdf_service:237 | [0f4c447f-d814-4e9e-ae62-71e6669b731b] Loaded document from DB — status=embedding
2026-07-24 05:24:50 | DEBUG    | app.services.pdf_service:237 | [0f4c447f-d814-4e9e-ae62-71e6669b731b] Loaded document from DB — status=embedding
2026-07-24 05:24:50 | DEBUG    | app.services.pdf_service:237 | [0f4c447f-d814-4e9e-ae62-71e6669b731b] Loaded document from DB — status=embedding
2026-07-24 05:24:51 | DEBUG    | app.services.pdf_service:237 | [0f4c447f-d814-4e9e-ae62-71e6669b731b] Loaded document from DB — status=embedding
2026-07-24 05:24:51 | DEBUG    | app.services.pdf_service:237 | [0f4c447f-d814-4e9e-ae62-71e6669b731b] Loaded document from DB — status=embedding
2026-07-24 05:24:51 | DEBUG    | app.services.pdf_service:237 | [0f4c447f-d814-4e9e-ae62-71e6669b731b] Loaded document from DB — status=embedding
2026-07-24 05:24:52 | DEBUG    | app.services.pdf_service:237 | [0f4c447f-d814-4e9e-ae62-71e6669b731b] Loaded document from DB — status=embedding
2026-07-24 05:24:55 | DEBUG    | app.services.pdf_service:237 | [0f4c447f-d814-4e9e-ae62-71e6669b731b] Loaded document from DB — status=embedding
2026-07-24 05:28:10 | DEBUG    | app.services.pdf_service:237 | [0f4c447f-d814-4e9e-ae62-71e6669b731b] Loaded document from DB — status=embedding
2026-07-24 05:28:13 | DEBUG    | app.services.pdf_service:237 | [0f4c447f-d814-4e9e-ae62-71e6669b731b] Loaded document from DB — status=embedding
2026-07-24 05:28:14 | DEBUG    | app.services.pdf_service:237 | [0f4c447f-d814-4e9e-ae62-71e6669b731b] Loaded document from DB — status=embedding
2026-07-24 05:28:14 | DEBUG    | app.services.pdf_service:237 | [0f4c447f-d814-4e9e-ae62-71e6669b731b] Loaded document from DB — status=embedding
2026-07-24 05:28:14 | DEBUG    | app.services.pdf_service:237 | [0f4c447f-d814-4e9e-ae62-71e6669b731b] Loaded document from DB — status=embedding
2026-07-24 05:28:16 | DEBUG    | app.services.pdf_service:237 | [0f4c447f-d814-4e9e-ae62-71e6669b731b] Loaded document from DB — status=embedding
2026-07-24 05:28:16 | DEBUG    | app.services.pdf_service:237 | [0f4c447f-d814-4e9e-ae62-71e6669b731b] Loaded document from DB — status=embedding
2026-07-24 05:28:17 | DEBUG    | app.services.pdf_service:237 | [0f4c447f-d814-4e9e-ae62-71e6669b731b] Loaded document from DB — status=embedding
2026-07-24 05:28:17 | DEBUG    | app.services.pdf_service:237 | [0f4c447f-d814-4e9e-ae62-71e6669b731b] Loaded document from DB — status=embedding
2026-07-24 05:28:18 | DEBUG    | app.services.pdf_service:237 | [0f4c447f-d814-4e9e-ae62-71e6669b731b] Loaded document from DB — status=embedding
2026-07-24 05:28:19 | DEBUG    | app.services.pdf_service:237 | [0f4c447f-d814-4e9e-ae62-71e6669b731b] Loaded document from DB — status=embedding
2026-07-24 05:28:20 | DEBUG    | app.services.pdf_service:237 | [0f4c447f-d814-4e9e-ae62-71e6669b731b] Loaded document from DB — status=embedding
2026-07-24 05:28:20 | DEBUG    | app.services.pdf_service:237 | [0f4c447f-d814-4e9e-ae62-71e6669b731b] Loaded document from DB — status=embedding
2026-07-24 05:28:21 | DEBUG    | app.services.pdf_service:237 | [0f4c447f-d814-4e9e-ae62-71e6669b731b] Loaded document from DB — status=embedding
2026-07-24 05:28:22 | DEBUG    | app.services.pdf_service:237 | [0f4c447f-d814-4e9e-ae62-71e6669b731b] Loaded document from DB — status=embedding
2026-07-24 05:28:22 | DEBUG    | app.services.pdf_service:237 | [0f4c447f-d814-4e9e-ae62-71e6669b731b] Loaded document from DB — status=embedding
2026-07-24 05:28:23 | DEBUG    | app.services.pdf_service:237 | [0f4c447f-d814-4e9e-ae62-71e6669b731b] Loaded document from DB — status=embedding
2026-07-24 05:28:24 | DEBUG    | app.services.pdf_service:237 | [0f4c447f-d814-4e9e-ae62-71e6669b731b] Loaded document from DB — status=embedding
2026-07-24 05:28:24 | DEBUG    | app.services.pdf_service:237 | [0f4c447f-d814-4e9e-ae62-71e6669b731b] Loaded document from DB — status=embedding
2026-07-24 05:28:24 | DEBUG    | app.services.pdf_service:237 | [0f4c447f-d814-4e9e-ae62-71e6669b731b] Loaded document from DB — status=embedding
2026-07-24 05:28:26 | DEBUG    | app.services.pdf_service:237 | [0f4c447f-d814-4e9e-ae62-71e6669b731b] Loaded document from DB — status=embedding
2026-07-24 05:28:26 | DEBUG    | app.services.pdf_service:237 | [0f4c447f-d814-4e9e-ae62-71e6669b731b] Loaded document from DB — status=embedding
2026-07-24 05:28:27 | DEBUG    | app.services.pdf_service:237 | [0f4c447f-d814-4e9e-ae62-71e6669b731b] Loaded document from DB — status=embedding
2026-07-24 05:28:27 | DEBUG    | app.services.pdf_service:237 | [0f4c447f-d814-4e9e-ae62-71e6669b731b] Loaded document from DB — status=embedding
2026-07-24 05:28:27 | DEBUG    | app.services.pdf_service:237 | [0f4c447f-d814-4e9e-ae62-71e6669b731b] Loaded document from DB — status=embedding
2026-07-24 05:28:28 | DEBUG    | app.services.pdf_service:237 | [0f4c447f-d814-4e9e-ae62-71e6669b731b] Loaded document from DB — status=embedding
2026-07-24 05:28:30 | DEBUG    | app.services.pdf_service:237 | [0f4c447f-d814-4e9e-ae62-71e6669b731b] Loaded document from DB — status=embedding
2026-07-24 05:28:30 | DEBUG    | app.services.pdf_service:237 | [0f4c447f-d814-4e9e-ae62-71e6669b731b] Loaded document from DB — status=embedding
2026-07-24 05:28:30 | DEBUG    | app.services.pdf_service:237 | [0f4c447f-d814-4e9e-ae62-71e6669b731b] Loaded document from DB — status=embedding
2026-07-24 05:28:31 | DEBUG    | app.services.pdf_service:237 | [0f4c447f-d814-4e9e-ae62-71e6669b731b] Loaded document from DB — status=embedding
2026-07-24 05:28:31 | DEBUG    | app.services.pdf_service:237 | [0f4c447f-d814-4e9e-ae62-71e6669b731b] Loaded document from DB — status=embedding
2026-07-24 05:28:33 | DEBUG    | app.services.pdf_service:237 | [0f4c447f-d814-4e9e-ae62-71e6669b731b] Loaded document from DB — status=embedding
2026-07-24 05:28:33 | DEBUG    | app.services.pdf_service:237 | [0f4c447f-d814-4e9e-ae62-71e6669b731b] Loaded document from DB — status=embedding
2026-07-24 05:28:34 | DEBUG    | app.services.pdf_service:237 | [0f4c447f-d814-4e9e-ae62-71e6669b731b] Loaded document from DB — status=embedding
2026-07-24 05:28:34 | DEBUG    | app.services.pdf_service:237 | [0f4c447f-d814-4e9e-ae62-71e6669b731b] Loaded document from DB — status=embedding
2026-07-24 05:28:36 | DEBUG    | app.services.pdf_service:237 | [0f4c447f-d814-4e9e-ae62-71e6669b731b] Loaded document from DB — status=embedding
2026-07-24 05:28:36 | DEBUG    | app.services.pdf_service:237 | [0f4c447f-d814-4e9e-ae62-71e6669b731b] Loaded document from DB — status=embedding
2026-07-24 05:28:38 | DEBUG    | app.services.pdf_service:237 | [0f4c447f-d814-4e9e-ae62-71e6669b731b] Loaded document from DB — status=embedding
2026-07-24 05:28:39 | DEBUG    | app.services.pdf_service:237 | [0f4c447f-d814-4e9e-ae62-71e6669b731b] Loaded document from DB — status=embedding
2026-07-24 05:28:40 | DEBUG    | app.services.pdf_service:237 | [0f4c447f-d814-4e9e-ae62-71e6669b731b] Loaded document from DB — status=embedding
2026-07-24 05:28:41 | DEBUG    | app.services.pdf_service:237 | [0f4c447f-d814-4e9e-ae62-71e6669b731b] Loaded document from DB — status=embedding
2026-07-24 05:28:41 | DEBUG    | app.services.pdf_service:237 | [0f4c447f-d814-4e9e-ae62-71e6669b731b] Loaded document from DB — status=embedding
2026-07-24 05:28:42 | DEBUG    | app.services.pdf_service:237 | [0f4c447f-d814-4e9e-ae62-71e6669b731b] Loaded document from DB — status=embedding
2026-07-24 05:28:43 | DEBUG    | app.services.pdf_service:237 | [0f4c447f-d814-4e9e-ae62-71e6669b731b] Loaded document from DB — status=embedding
2026-07-24 05:28:44 | DEBUG    | app.services.pdf_service:237 | [0f4c447f-d814-4e9e-ae62-71e6669b731b] Loaded document from DB — status=embedding
2026-07-24 05:28:44 | DEBUG    | app.services.pdf_service:237 | [0f4c447f-d814-4e9e-ae62-71e6669b731b] Loaded document from DB — status=embedding
2026-07-24 05:28:45 | DEBUG    | app.services.pdf_service:237 | [0f4c447f-d814-4e9e-ae62-71e6669b731b] Loaded document from DB — status=embedding
2026-07-24 05:28:45 | DEBUG    | app.services.pdf_service:237 | [0f4c447f-d814-4e9e-ae62-71e6669b731b] Loaded document from DB — status=embedding
2026-07-24 05:28:47 | DEBUG    | app.services.pdf_service:237 | [0f4c447f-d814-4e9e-ae62-71e6669b731b] Loaded document from DB — status=embedding
2026-07-24 05:28:47 | DEBUG    | app.services.pdf_service:237 | [0f4c447f-d814-4e9e-ae62-71e6669b731b] Loaded document from DB — status=embedding
2026-07-24 05:28:47 | DEBUG    | app.services.pdf_service:237 | [0f4c447f-d814-4e9e-ae62-71e6669b731b] Loaded document from DB — status=embedding
2026-07-24 05:28:49 | DEBUG    | app.services.pdf_service:237 | [0f4c447f-d814-4e9e-ae62-71e6669b731b] Loaded document from DB — status=embedding
2026-07-24 05:28:49 | DEBUG    | app.services.pdf_service:237 | [0f4c447f-d814-4e9e-ae62-71e6669b731b] Loaded document from DB — status=embedding
2026-07-24 05:28:49 | DEBUG    | app.services.pdf_service:237 | [0f4c447f-d814-4e9e-ae62-71e6669b731b] Loaded document from DB — status=embedding
2026-07-24 05:28:51 | DEBUG    | app.services.pdf_service:237 | [0f4c447f-d814-4e9e-ae62-71e6669b731b] Loaded document from DB — status=embedding
2026-07-24 05:28:51 | DEBUG    | app.services.pdf_service:237 | [0f4c447f-d814-4e9e-ae62-71e6669b731b] Loaded document from DB — status=embedding
2026-07-24 05:28:52 | DEBUG    | app.services.pdf_service:237 | [0f4c447f-d814-4e9e-ae62-71e6669b731b] Loaded document from DB — status=embedding
2026-07-24 05:28:52 | DEBUG    | app.services.pdf_service:237 | [0f4c447f-d814-4e9e-ae62-71e6669b731b] Loaded document from DB — status=embedding
2026-07-24 05:28:52 | DEBUG    | app.services.pdf_service:237 | [0f4c447f-d814-4e9e-ae62-71e6669b731b] Loaded document from DB — status=embedding
2026-07-24 05:28:53 | DEBUG    | app.services.pdf_service:237 | [0f4c447f-d814-4e9e-ae62-71e6669b731b] Loaded document from DB — status=embedding
2026-07-24 05:28:54 | DEBUG    | app.services.pdf_service:237 | [0f4c447f-d814-4e9e-ae62-71e6669b731b] Loaded document from DB — status=embedding
2026-07-24 05:28:55 | DEBUG    | app.services.pdf_service:237 | [0f4c447f-d814-4e9e-ae62-71e6669b731b] Loaded document from DB — status=embedding
2026-07-24 05:28:56 | DEBUG    | app.services.pdf_service:237 | [0f4c447f-d814-4e9e-ae62-71e6669b731b] Loaded document from DB — status=embedding
2026-07-24 05:28:56 | DEBUG    | app.services.pdf_service:237 | [0f4c447f-d814-4e9e-ae62-71e6669b731b] Loaded document from DB — status=embedding
2026-07-24 05:28:57 | DEBUG    | app.services.pdf_service:237 | [0f4c447f-d814-4e9e-ae62-71e6669b731b] Loaded document from DB — status=embedding
2026-07-24 05:28:58 | DEBUG    | app.services.pdf_service:237 | [0f4c447f-d814-4e9e-ae62-71e6669b731b] Loaded document from DB — status=embedding
2026-07-24 05:28:58 | DEBUG    | app.services.pdf_service:237 | [0f4c447f-d814-4e9e-ae62-71e6669b731b] Loaded document from DB — status=embedding
2026-07-24 05:28:59 | DEBUG    | app.services.pdf_service:237 | [0f4c447f-d814-4e9e-ae62-71e6669b731b] Loaded document from DB — status=embedding
2026-07-24 05:29:00 | DEBUG    | app.services.pdf_service:237 | [0f4c447f-d814-4e9e-ae62-71e6669b731b] Loaded document from DB — status=embedding
2026-07-24 05:29:00 | DEBUG    | app.services.pdf_service:237 | [0f4c447f-d814-4e9e-ae62-71e6669b731b] Loaded document from DB — status=embedding
2026-07-24 05:29:01 | DEBUG    | app.services.pdf_service:237 | [0f4c447f-d814-4e9e-ae62-71e6669b731b] Loaded document from DB — status=embedding
2026-07-24 05:29:02 | DEBUG    | app.services.pdf_service:237 | [0f4c447f-d814-4e9e-ae62-71e6669b731b] Loaded document from DB — status=embedding
2026-07-24 05:29:02 | DEBUG    | app.services.pdf_service:237 | [0f4c447f-d814-4e9e-ae62-71e6669b731b] Loaded document from DB — status=embedding
2026-07-24 05:29:02 | DEBUG    | app.services.pdf_service:237 | [0f4c447f-d814-4e9e-ae62-71e6669b731b] Loaded document from DB — status=embedding
2026-07-24 05:29:03 | DEBUG    | app.services.pdf_service:237 | [0f4c447f-d814-4e9e-ae62-71e6669b731b] Loaded document from DB — status=embedding
2026-07-24 05:29:04 | DEBUG    | app.services.pdf_service:237 | [0f4c447f-d814-4e9e-ae62-71e6669b731b] Loaded document from DB — status=embedding
2026-07-24 05:29:05 | DEBUG    | app.services.pdf_service:237 | [0f4c447f-d814-4e9e-ae62-71e6669b731b] Loaded document from DB — status=embedding
2026-07-24 05:29:05 | DEBUG    | app.services.pdf_service:237 | [0f4c447f-d814-4e9e-ae62-71e6669b731b] Loaded document from DB — status=embedding
2026-07-24 05:29:19 | DEBUG    | app.services.pdf_service:237 | [0f4c447f-d814-4e9e-ae62-71e6669b731b] Loaded document from DB — status=embedding
2026-07-24 05:29:20 | DEBUG    | app.services.pdf_service:237 | [0f4c447f-d814-4e9e-ae62-71e6669b731b] Loaded document from DB — status=embedding
2026-07-24 05:29:23 | DEBUG    | app.services.pdf_service:237 | [0f4c447f-d814-4e9e-ae62-71e6669b731b] Loaded document from DB — status=embedding
2026-07-24 05:29:24 | DEBUG    | app.services.pdf_service:237 | [0f4c447f-d814-4e9e-ae62-71e6669b731b] Loaded document from DB — status=embedding
2026-07-24 05:29:26 | DEBUG    | app.services.pdf_service:237 | [0f4c447f-d814-4e9e-ae62-71e6669b731b] Loaded document from DB — status=embedding
2026-07-24 05:29:27 | DEBUG    | app.services.pdf_service:237 | [0f4c447f-d814-4e9e-ae62-71e6669b731b] Loaded document from DB — status=embedding
2026-07-24 05:29:29 | DEBUG    | app.services.pdf_service:237 | [0f4c447f-d814-4e9e-ae62-71e6669b731b] Loaded document from DB — status=embedding
2026-07-24 05:29:30 | DEBUG    | app.services.pdf_service:237 | [0f4c447f-d814-4e9e-ae62-71e6669b731b] Loaded document from DB — status=embedding
2026-07-24 05:29:32 | DEBUG    | app.services.pdf_service:237 | [0f4c447f-d814-4e9e-ae62-71e6669b731b] Loaded document from DB — status=embedding
2026-07-24 05:29:33 | DEBUG    | app.services.pdf_service:237 | [0f4c447f-d814-4e9e-ae62-71e6669b731b] Loaded document from DB — status=embedding
2026-07-24 05:29:33 | DEBUG    | app.services.pdf_service:237 | [0f4c447f-d814-4e9e-ae62-71e6669b731b] Loaded document from DB — status=embedding
2026-07-24 05:29:34 | DEBUG    | app.services.pdf_service:237 | [0f4c447f-d814-4e9e-ae62-71e6669b731b] Loaded document from DB — status=embedding
2026-07-24 05:29:34 | DEBUG    | app.services.pdf_service:237 | [0f4c447f-d814-4e9e-ae62-71e6669b731b] Loaded document from DB — status=embedding
2026-07-24 05:29:34 | DEBUG    | app.services.pdf_service:237 | [0f4c447f-d814-4e9e-ae62-71e6669b731b] Loaded document from DB — status=embedding
2026-07-24 05:29:36 | DEBUG    | app.services.pdf_service:237 | [0f4c447f-d814-4e9e-ae62-71e6669b731b] Loaded document from DB — status=embedding
2026-07-24 05:29:36 | DEBUG    | app.services.pdf_service:237 | [0f4c447f-d814-4e9e-ae62-71e6669b731b] Loaded document from DB — status=embedding
2026-07-24 05:29:37 | DEBUG    | app.services.pdf_service:237 | [0f4c447f-d814-4e9e-ae62-71e6669b731b] Loaded document from DB — status=embedding
2026-07-24 05:29:37 | DEBUG    | app.services.pdf_service:237 | [0f4c447f-d814-4e9e-ae62-71e6669b731b] Loaded document from DB — status=embedding
2026-07-24 05:29:37 | DEBUG    | app.services.pdf_service:237 | [0f4c447f-d814-4e9e-ae62-71e6669b731b] Loaded document from DB — status=embedding
2026-07-24 05:29:38 | DEBUG    | app.services.pdf_service:237 | [0f4c447f-d814-4e9e-ae62-71e6669b731b] Loaded document from DB — status=embedding
2026-07-24 05:29:38 | DEBUG    | app.services.pdf_service:237 | [0f4c447f-d814-4e9e-ae62-71e6669b731b] Loaded document from DB — status=embedding
2026-07-24 05:29:40 | DEBUG    | app.services.pdf_service:237 | [0f4c447f-d814-4e9e-ae62-71e6669b731b] Loaded document from DB — status=embedding
2026-07-24 05:29:40 | DEBUG    | app.services.pdf_service:237 | [0f4c447f-d814-4e9e-ae62-71e6669b731b] Loaded document from DB — status=embedding
2026-07-24 05:29:41 | DEBUG    | app.services.pdf_service:237 | [0f4c447f-d814-4e9e-ae62-71e6669b731b] Loaded document from DB — status=embedding
2026-07-24 05:29:41 | DEBUG    | app.services.pdf_service:237 | [0f4c447f-d814-4e9e-ae62-71e6669b731b] Loaded document from DB — status=embedding
2026-07-24 05:29:41 | DEBUG    | app.services.pdf_service:237 | [0f4c447f-d814-4e9e-ae62-71e6669b731b] Loaded document from DB — status=embedding
2026-07-24 05:29:42 | DEBUG    | app.services.pdf_service:237 | [0f4c447f-d814-4e9e-ae62-71e6669b731b] Loaded document from DB — status=embedding
2026-07-24 05:29:43 | DEBUG    | app.services.pdf_service:237 | [0f4c447f-d814-4e9e-ae62-71e6669b731b] Loaded document from DB — status=embedding
2026-07-24 05:29:44 | DEBUG    | app.services.pdf_service:237 | [0f4c447f-d814-4e9e-ae62-71e6669b731b] Loaded document from DB — status=embedding
2026-07-24 05:29:44 | DEBUG    | app.services.pdf_service:237 | [0f4c447f-d814-4e9e-ae62-71e6669b731b] Loaded document from DB — status=embedding
2026-07-24 05:29:44 | DEBUG    | app.services.pdf_service:237 | [0f4c447f-d814-4e9e-ae62-71e6669b731b] Loaded document from DB — status=embedding
2026-07-24 05:29:45 | DEBUG    | app.services.pdf_service:237 | [0f4c447f-d814-4e9e-ae62-71e6669b731b] Loaded document from DB — status=embedding
2026-07-24 05:29:45 | DEBUG    | app.services.pdf_service:237 | [0f4c447f-d814-4e9e-ae62-71e6669b731b] Loaded document from DB — status=embedding
2026-07-24 05:29:46 | DEBUG    | app.services.pdf_service:237 | [0f4c447f-d814-4e9e-ae62-71e6669b731b] Loaded document from DB — status=embedding
2026-07-24 05:29:48 | DEBUG    | app.services.pdf_service:237 | [0f4c447f-d814-4e9e-ae62-71e6669b731b] Loaded document from DB — status=embedding
2026-07-24 05:29:48 | DEBUG    | app.services.pdf_service:237 | [0f4c447f-d814-4e9e-ae62-71e6669b731b] Loaded document from DB — status=embedding
2026-07-24 05:29:48 | DEBUG    | app.services.pdf_service:237 | [0f4c447f-d814-4e9e-ae62-71e6669b731b] Loaded document from DB — status=embedding
2026-07-24 05:29:49 | DEBUG    | app.services.pdf_service:237 | [0f4c447f-d814-4e9e-ae62-71e6669b731b] Loaded document from DB — status=embedding
2026-07-24 05:29:49 | DEBUG    | app.services.pdf_service:237 | [0f4c447f-d814-4e9e-ae62-71e6669b731b] Loaded document from DB — status=embedding
2026-07-24 05:29:51 | DEBUG    | app.services.pdf_service:237 | [0f4c447f-d814-4e9e-ae62-71e6669b731b] Loaded document from DB — status=embedding
2026-07-24 05:29:53 | DEBUG    | app.services.pdf_service:237 | [0f4c447f-d814-4e9e-ae62-71e6669b731b] Loaded document from DB — status=embedding
2026-07-24 05:29:53 | DEBUG    | app.services.pdf_service:237 | [0f4c447f-d814-4e9e-ae62-71e6669b731b] Loaded document from DB — status=embedding
2026-07-24 05:29:53 | DEBUG    | app.services.pdf_service:237 | [0f4c447f-d814-4e9e-ae62-71e6669b731b] Loaded document from DB — status=embedding
2026-07-24 05:29:54 | DEBUG    | app.services.pdf_service:237 | [0f4c447f-d814-4e9e-ae62-71e6669b731b] Loaded document from DB — status=embedding
2026-07-24 05:29:54 | DEBUG    | app.services.pdf_service:237 | [0f4c447f-d814-4e9e-ae62-71e6669b731b] Loaded document from DB — status=embedding
2026-07-24 05:29:56 | DEBUG    | app.services.pdf_service:237 | [0f4c447f-d814-4e9e-ae62-71e6669b731b] Loaded document from DB — status=embedding
2026-07-24 05:29:57 | DEBUG    | app.services.pdf_service:237 | [0f4c447f-d814-4e9e-ae62-71e6669b731b] Loaded document from DB — status=embedding
2026-07-24 05:29:57 | DEBUG    | app.services.pdf_service:237 | [0f4c447f-d814-4e9e-ae62-71e6669b731b] Loaded document from DB — status=embedding
2026-07-24 05:29:58 | DEBUG    | app.services.pdf_service:237 | [0f4c447f-d814-4e9e-ae62-71e6669b731b] Loaded document from DB — status=embedding
2026-07-24 05:29:59 | DEBUG    | app.services.pdf_service:237 | [0f4c447f-d814-4e9e-ae62-71e6669b731b] Loaded document from DB — status=embedding
2026-07-24 05:29:59 | DEBUG    | app.services.pdf_service:237 | [0f4c447f-d814-4e9e-ae62-71e6669b731b] Loaded document from DB — status=embedding
2026-07-24 05:29:59 | DEBUG    | app.services.pdf_service:237 | [0f4c447f-d814-4e9e-ae62-71e6669b731b] Loaded document from DB — status=embedding
2026-07-24 05:30:03 | DEBUG    | app.services.pdf_service:237 | [0f4c447f-d814-4e9e-ae62-71e6669b731b] Loaded document from DB — status=embedding
2026-07-24 05:30:03 | DEBUG    | app.services.pdf_service:237 | [0f4c447f-d814-4e9e-ae62-71e6669b731b] Loaded document from DB — status=embedding
2026-07-24 05:30:03 | DEBUG    | app.services.pdf_service:237 | [0f4c447f-d814-4e9e-ae62-71e6669b731b] Loaded document from DB — status=embedding
2026-07-24 05:30:04 | DEBUG    | app.services.pdf_service:237 | [0f4c447f-d814-4e9e-ae62-71e6669b731b] Loaded document from DB — status=embedding
2026-07-24 05:30:05 | DEBUG    | app.services.pdf_service:237 | [0f4c447f-d814-4e9e-ae62-71e6669b731b] Loaded document from DB — status=embedding
2026-07-24 05:30:05 | DEBUG    | app.services.pdf_service:237 | [0f4c447f-d814-4e9e-ae62-71e6669b731b] Loaded document from DB — status=embedding
2026-07-24 05:30:06 | DEBUG    | app.services.pdf_service:237 | [0f4c447f-d814-4e9e-ae62-71e6669b731b] Loaded document from DB — status=embedding
2026-07-24 05:30:06 | DEBUG    | app.services.pdf_service:237 | [0f4c447f-d814-4e9e-ae62-71e6669b731b] Loaded document from DB — status=embedding
2026-07-24 05:30:06 | DEBUG    | app.services.pdf_service:237 | [0f4c447f-d814-4e9e-ae62-71e6669b731b] Loaded document from DB — status=embedding
2026-07-24 05:30:07 | DEBUG    | app.services.pdf_service:237 | [0f4c447f-d814-4e9e-ae62-71e6669b731b] Loaded document from DB — status=embedding
2026-07-24 05:30:09 | DEBUG    | app.services.pdf_service:237 | [0f4c447f-d814-4e9e-ae62-71e6669b731b] Loaded document from DB — status=embedding
2026-07-24 05:30:09 | DEBUG    | app.services.pdf_service:237 | [0f4c447f-d814-4e9e-ae62-71e6669b731b] Loaded document from DB — status=embedding
2026-07-24 05:30:09 | DEBUG    | app.services.pdf_service:237 | [0f4c447f-d814-4e9e-ae62-71e6669b731b] Loaded document from DB — status=embedding
2026-07-24 05:30:09 | DEBUG    | app.services.pdf_service:237 | [0f4c447f-d814-4e9e-ae62-71e6669b731b] Loaded document from DB — status=embedding
2026-07-24 05:30:10 | DEBUG    | app.services.pdf_service:237 | [0f4c447f-d814-4e9e-ae62-71e6669b731b] Loaded document from DB — status=embedding
2026-07-24 05:30:10 | DEBUG    | app.services.pdf_service:237 | [0f4c447f-d814-4e9e-ae62-71e6669b731b] Loaded document from DB — status=embedding
2026-07-24 05:30:12 | DEBUG    | app.services.pdf_service:237 | [0f4c447f-d814-4e9e-ae62-71e6669b731b] Loaded document from DB — status=embedding
2026-07-24 05:30:12 | DEBUG    | app.services.pdf_service:237 | [0f4c447f-d814-4e9e-ae62-71e6669b731b] Loaded document from DB — status=embedding
2026-07-24 05:30:13 | DEBUG    | app.services.pdf_service:237 | [0f4c447f-d814-4e9e-ae62-71e6669b731b] Loaded document from DB — status=embedding
2026-07-24 05:30:13 | DEBUG    | app.services.pdf_service:237 | [0f4c447f-d814-4e9e-ae62-71e6669b731b] Loaded document from DB — status=embedding
2026-07-24 05:30:13 | DEBUG    | app.services.pdf_service:237 | [0f4c447f-d814-4e9e-ae62-71e6669b731b] Loaded document from DB — status=embedding
2026-07-24 05:30:13 | DEBUG    | app.services.pdf_service:237 | [0f4c447f-d814-4e9e-ae62-71e6669b731b] Loaded document from DB — status=embedding
2026-07-24 05:30:16 | DEBUG    | app.services.pdf_service:237 | [0f4c447f-d814-4e9e-ae62-71e6669b731b] Loaded document from DB — status=embedding
2026-07-24 05:30:16 | DEBUG    | app.services.pdf_service:237 | [0f4c447f-d814-4e9e-ae62-71e6669b731b] Loaded document from DB — status=embedding
2026-07-24 05:30:16 | DEBUG    | app.services.pdf_service:237 | [0f4c447f-d814-4e9e-ae62-71e6669b731b] Loaded document from DB — status=embedding
2026-07-24 05:30:16 | DEBUG    | app.services.pdf_service:237 | [0f4c447f-d814-4e9e-ae62-71e6669b731b] Loaded document from DB — status=embedding
2026-07-24 05:30:16 | DEBUG    | app.services.pdf_service:237 | [0f4c447f-d814-4e9e-ae62-71e6669b731b] Loaded document from DB — status=embedding
2026-07-24 05:30:17 | DEBUG    | app.services.pdf_service:237 | [0f4c447f-d814-4e9e-ae62-71e6669b731b] Loaded document from DB — status=embedding
2026-07-24 05:30:19 | DEBUG    | app.services.pdf_service:237 | [0f4c447f-d814-4e9e-ae62-71e6669b731b] Loaded document from DB — status=embedding
2026-07-24 05:30:20 | DEBUG    | app.services.pdf_service:237 | [0f4c447f-d814-4e9e-ae62-71e6669b731b] Loaded document from DB — status=embedding
2026-07-24 05:30:20 | DEBUG    | app.services.pdf_service:237 | [0f4c447f-d814-4e9e-ae62-71e6669b731b] Loaded document from DB — status=embedding
2026-07-24 05:30:20 | DEBUG    | app.services.pdf_service:237 | [0f4c447f-d814-4e9e-ae62-71e6669b731b] Loaded document from DB — status=embedding
2026-07-24 05:30:21 | DEBUG    | app.services.pdf_service:237 | [0f4c447f-d814-4e9e-ae62-71e6669b731b] Loaded document from DB — status=embedding
2026-07-24 05:30:21 | DEBUG    | app.services.pdf_service:237 | [0f4c447f-d814-4e9e-ae62-71e6669b731b] Loaded document from DB — status=embedding
2026-07-24 05:30:22 | DEBUG    | app.services.pdf_service:237 | [0f4c447f-d814-4e9e-ae62-71e6669b731b] Loaded document from DB — status=embedding
2026-07-24 05:30:23 | DEBUG    | app.services.pdf_service:237 | [0f4c447f-d814-4e9e-ae62-71e6669b731b] Loaded document from DB — status=embedding
2026-07-24 05:30:23 | DEBUG    | app.services.pdf_service:237 | [0f4c447f-d814-4e9e-ae62-71e6669b731b] Loaded document from DB — status=embedding
2026-07-24 05:30:24 | DEBUG    | app.services.pdf_service:237 | [0f4c447f-d814-4e9e-ae62-71e6669b731b] Loaded document from DB — status=embedding
2026-07-24 05:30:24 | DEBUG    | app.services.pdf_service:237 | [0f4c447f-d814-4e9e-ae62-71e6669b731b] Loaded document from DB — status=embedding
2026-07-24 05:30:24 | DEBUG    | app.services.pdf_service:237 | [0f4c447f-d814-4e9e-ae62-71e6669b731b] Loaded document from DB — status=embedding
2026-07-24 05:30:26 | DEBUG    | app.services.pdf_service:237 | [0f4c447f-d814-4e9e-ae62-71e6669b731b] Loaded document from DB — status=embedding
2026-07-24 05:30:26 | DEBUG    | app.services.pdf_service:237 | [0f4c447f-d814-4e9e-ae62-71e6669b731b] Loaded document from DB — status=embedding
2026-07-24 05:30:27 | DEBUG    | app.services.pdf_service:237 | [0f4c447f-d814-4e9e-ae62-71e6669b731b] Loaded document from DB — status=embedding
2026-07-24 05:30:27 | DEBUG    | app.services.pdf_service:237 | [0f4c447f-d814-4e9e-ae62-71e6669b731b] Loaded document from DB — status=embedding
2026-07-24 05:30:28 | DEBUG    | app.services.pdf_service:237 | [0f4c447f-d814-4e9e-ae62-71e6669b731b] Loaded document from DB — status=embedding
2026-07-24 05:30:28 | DEBUG    | app.services.pdf_service:237 | [0f4c447f-d814-4e9e-ae62-71e6669b731b] Loaded document from DB — status=embedding
2026-07-24 05:30:29 | DEBUG    | app.services.pdf_service:237 | [0f4c447f-d814-4e9e-ae62-71e6669b731b] Loaded document from DB — status=embedding
2026-07-24 05:30:29 | DEBUG    | app.services.pdf_service:237 | [0f4c447f-d814-4e9e-ae62-71e6669b731b] Loaded document from DB — status=embedding
2026-07-24 05:30:30 | DEBUG    | app.services.pdf_service:237 | [0f4c447f-d814-4e9e-ae62-71e6669b731b] Loaded document from DB — status=embedding
2026-07-24 05:30:30 | DEBUG    | app.services.pdf_service:237 | [0f4c447f-d814-4e9e-ae62-71e6669b731b] Loaded document from DB — status=embedding
2026-07-24 05:30:31 | DEBUG    | app.services.pdf_service:237 | [0f4c447f-d814-4e9e-ae62-71e6669b731b] Loaded document from DB — status=embedding
2026-07-24 05:30:32 | DEBUG    | app.services.pdf_service:237 | [0f4c447f-d814-4e9e-ae62-71e6669b731b] Loaded document from DB — status=embedding
2026-07-24 05:30:33 | DEBUG    | app.services.pdf_service:237 | [0f4c447f-d814-4e9e-ae62-71e6669b731b] Loaded document from DB — status=embedding
2026-07-24 05:30:33 | DEBUG    | app.services.pdf_service:237 | [0f4c447f-d814-4e9e-ae62-71e6669b731b] Loaded document from DB — status=embedding
2026-07-24 05:30:34 | DEBUG    | app.services.pdf_service:237 | [0f4c447f-d814-4e9e-ae62-71e6669b731b] Loaded document from DB — status=embedding
2026-07-24 05:30:34 | DEBUG    | app.services.pdf_service:237 | [0f4c447f-d814-4e9e-ae62-71e6669b731b] Loaded document from DB — status=embedding
2026-07-24 05:30:35 | DEBUG    | app.services.pdf_service:237 | [0f4c447f-d814-4e9e-ae62-71e6669b731b] Loaded document from DB — status=embedding
2026-07-24 05:30:37 | DEBUG    | app.services.pdf_service:237 | [0f4c447f-d814-4e9e-ae62-71e6669b731b] Loaded document from DB — status=embedding
2026-07-24 05:30:37 | DEBUG    | app.services.pdf_service:237 | [0f4c447f-d814-4e9e-ae62-71e6669b731b] Loaded document from DB — status=embedding
2026-07-24 05:30:37 | DEBUG    | app.services.pdf_service:237 | [0f4c447f-d814-4e9e-ae62-71e6669b731b] Loaded document from DB — status=embedding
2026-07-24 05:30:38 | DEBUG    | app.services.pdf_service:237 | [0f4c447f-d814-4e9e-ae62-71e6669b731b] Loaded document from DB — status=embedding
2026-07-24 05:30:38 | DEBUG    | app.services.pdf_service:237 | [0f4c447f-d814-4e9e-ae62-71e6669b731b] Loaded document from DB — status=embedding
2026-07-24 05:30:39 | DEBUG    | app.services.pdf_service:237 | [0f4c447f-d814-4e9e-ae62-71e6669b731b] Loaded document from DB — status=embedding
2026-07-24 05:30:40 | DEBUG    | app.services.pdf_service:237 | [0f4c447f-d814-4e9e-ae62-71e6669b731b] Loaded document from DB — status=embedding
2026-07-24 05:30:40 | DEBUG    | app.services.pdf_service:237 | [0f4c447f-d814-4e9e-ae62-71e6669b731b] Loaded document from DB — status=embedding
2026-07-24 05:30:41 | DEBUG    | app.services.pdf_service:237 | [0f4c447f-d814-4e9e-ae62-71e6669b731b] Loaded document from DB — status=embedding
2026-07-24 05:30:41 | DEBUG    | app.services.pdf_service:237 | [0f4c447f-d814-4e9e-ae62-71e6669b731b] Loaded document from DB — status=embedding
2026-07-24 05:30:41 | DEBUG    | app.services.pdf_service:237 | [0f4c447f-d814-4e9e-ae62-71e6669b731b] Loaded document from DB — status=embedding
2026-07-24 05:30:43 | DEBUG    | app.services.pdf_service:237 | [0f4c447f-d814-4e9e-ae62-71e6669b731b] Loaded document from DB — status=embedding
2026-07-24 05:30:43 | DEBUG    | app.services.pdf_service:237 | [0f4c447f-d814-4e9e-ae62-71e6669b731b] Loaded document from DB — status=embedding
2026-07-24 05:30:43 | DEBUG    | app.services.pdf_service:237 | [0f4c447f-d814-4e9e-ae62-71e6669b731b] Loaded document from DB — status=embedding
2026-07-24 05:30:44 | DEBUG    | app.services.pdf_service:237 | [0f4c447f-d814-4e9e-ae62-71e6669b731b] Loaded document from DB — status=embedding
2026-07-24 05:30:45 | DEBUG    | app.services.pdf_service:237 | [0f4c447f-d814-4e9e-ae62-71e6669b731b] Loaded document from DB — status=embedding
2026-07-24 05:30:45 | DEBUG    | app.services.pdf_service:237 | [0f4c447f-d814-4e9e-ae62-71e6669b731b] Loaded document from DB — status=embedding
2026-07-24 05:30:46 | DEBUG    | app.services.pdf_service:237 | [0f4c447f-d814-4e9e-ae62-71e6669b731b] Loaded document from DB — status=embedding
2026-07-24 05:30:47 | DEBUG    | app.services.pdf_service:237 | [0f4c447f-d814-4e9e-ae62-71e6669b731b] Loaded document from DB — status=embedding
2026-07-24 05:30:47 | DEBUG    | app.services.pdf_service:237 | [0f4c447f-d814-4e9e-ae62-71e6669b731b] Loaded document from DB — status=embedding
2026-07-24 05:30:47 | DEBUG    | app.services.pdf_service:237 | [0f4c447f-d814-4e9e-ae62-71e6669b731b] Loaded document from DB — status=embedding
2026-07-24 05:30:48 | DEBUG    | app.services.pdf_service:237 | [0f4c447f-d814-4e9e-ae62-71e6669b731b] Loaded document from DB — status=embedding
2026-07-24 05:30:50 | DEBUG    | app.services.pdf_service:237 | [0f4c447f-d814-4e9e-ae62-71e6669b731b] Loaded document from DB — status=embedding
2026-07-24 05:30:50 | DEBUG    | app.services.pdf_service:237 | [0f4c447f-d814-4e9e-ae62-71e6669b731b] Loaded document from DB — status=embedding
2026-07-24 05:30:50 | DEBUG    | app.services.pdf_service:237 | [0f4c447f-d814-4e9e-ae62-71e6669b731b] Loaded document from DB — status=embedding
2026-07-24 05:30:50 | DEBUG    | app.services.pdf_service:237 | [0f4c447f-d814-4e9e-ae62-71e6669b731b] Loaded document from DB — status=embedding
2026-07-24 05:30:51 | DEBUG    | app.services.pdf_service:237 | [0f4c447f-d814-4e9e-ae62-71e6669b731b] Loaded document from DB — status=embedding
2026-07-24 05:30:51 | DEBUG    | app.services.pdf_service:237 | [0f4c447f-d814-4e9e-ae62-71e6669b731b] Loaded document from DB — status=embedding
2026-07-24 05:30:53 | DEBUG    | app.services.pdf_service:237 | [0f4c447f-d814-4e9e-ae62-71e6669b731b] Loaded document from DB — status=embedding
2026-07-24 05:30:53 | DEBUG    | app.services.pdf_service:237 | [0f4c447f-d814-4e9e-ae62-71e6669b731b] Loaded document from DB — status=embedding
2026-07-24 05:30:53 | DEBUG    | app.services.pdf_service:237 | [0f4c447f-d814-4e9e-ae62-71e6669b731b] Loaded document from DB — status=embedding
2026-07-24 05:30:54 | DEBUG    | app.services.pdf_service:237 | [0f4c447f-d814-4e9e-ae62-71e6669b731b] Loaded document from DB — status=embedding
2026-07-24 05:30:54 | DEBUG    | app.services.pdf_service:237 | [0f4c447f-d814-4e9e-ae62-71e6669b731b] Loaded document from DB — status=embedding
2026-07-24 05:30:55 | DEBUG    | app.services.pdf_service:237 | [0f4c447f-d814-4e9e-ae62-71e6669b731b] Loaded document from DB — status=embedding
2026-07-24 05:30:56 | DEBUG    | app.services.pdf_service:237 | [0f4c447f-d814-4e9e-ae62-71e6669b731b] Loaded document from DB — status=embedding
2026-07-24 05:30:57 | DEBUG    | app.services.pdf_service:237 | [0f4c447f-d814-4e9e-ae62-71e6669b731b] Loaded document from DB — status=embedding
2026-07-24 05:30:57 | DEBUG    | app.services.pdf_service:237 | [0f4c447f-d814-4e9e-ae62-71e6669b731b] Loaded document from DB — status=embedding
2026-07-24 05:30:57 | DEBUG    | app.services.pdf_service:237 | [0f4c447f-d814-4e9e-ae62-71e6669b731b] Loaded document from DB — status=embedding
2026-07-24 05:30:58 | DEBUG    | app.services.pdf_service:237 | [0f4c447f-d814-4e9e-ae62-71e6669b731b] Loaded document from DB — status=embedding
2026-07-24 05:30:59 | DEBUG    | app.services.pdf_service:237 | [0f4c447f-d814-4e9e-ae62-71e6669b731b] Loaded document from DB — status=embedding
2026-07-24 05:30:59 | DEBUG    | app.services.pdf_service:237 | [0f4c447f-d814-4e9e-ae62-71e6669b731b] Loaded document from DB — status=embedding
2026-07-24 05:31:00 | DEBUG    | app.services.pdf_service:237 | [0f4c447f-d814-4e9e-ae62-71e6669b731b] Loaded document from DB — status=embedding
2026-07-24 05:31:02 | DEBUG    | app.services.pdf_service:237 | [0f4c447f-d814-4e9e-ae62-71e6669b731b] Loaded document from DB — status=embedding
2026-07-24 05:31:11 | DEBUG    | app.services.pdf_service:237 | [0f4c447f-d814-4e9e-ae62-71e6669b731b] Loaded document from DB — status=embedding
2026-07-24 05:31:15 | DEBUG    | app.services.pdf_service:237 | [0f4c447f-d814-4e9e-ae62-71e6669b731b] Loaded document from DB — status=embedding
2026-07-24 05:31:23 | DEBUG    | app.services.pdf_service:237 | [0f4c447f-d814-4e9e-ae62-71e6669b731b] Loaded document from DB — status=embedding
2026-07-24 05:31:30 | DEBUG    | app.services.pdf_service:237 | [0f4c447f-d814-4e9e-ae62-71e6669b731b] Loaded document from DB — status=embedding
2026-07-24 05:31:38 | DEBUG    | app.services.pdf_service:237 | [0f4c447f-d814-4e9e-ae62-71e6669b731b] Loaded document from DB — status=embedding
2026-07-24 05:31:46 | DEBUG    | app.services.pdf_service:237 | [0f4c447f-d814-4e9e-ae62-71e6669b731b] Loaded document from DB — status=embedding
2026-07-24 05:31:50 | DEBUG    | app.services.pdf_service:237 | [0f4c447f-d814-4e9e-ae62-71e6669b731b] Loaded document from DB — status=embedding
2026-07-24 05:31:58 | DEBUG    | app.services.pdf_service:237 | [0f4c447f-d814-4e9e-ae62-71e6669b731b] Loaded document from DB — status=embedding
2026-07-24 05:32:01 | DEBUG    | app.services.pdf_service:237 | [0f4c447f-d814-4e9e-ae62-71e6669b731b] Loaded document from DB — status=embedding
2026-07-24 05:32:09 | DEBUG    | app.services.pdf_service:237 | [0f4c447f-d814-4e9e-ae62-71e6669b731b] Loaded document from DB — status=embedding
2026-07-24 05:32:19 | DEBUG    | app.services.pdf_service:237 | [0f4c447f-d814-4e9e-ae62-71e6669b731b] Loaded document from DB — status=embedding
2026-07-24 05:32:23 | DEBUG    | app.services.pdf_service:237 | [0f4c447f-d814-4e9e-ae62-71e6669b731b] Loaded document from DB — status=embedding
2026-07-24 05:32:30 | DEBUG    | app.services.pdf_service:237 | [0f4c447f-d814-4e9e-ae62-71e6669b731b] Loaded document from DB — status=embedding
2026-07-24 05:32:38 | DEBUG    | app.services.pdf_service:237 | [0f4c447f-d814-4e9e-ae62-71e6669b731b] Loaded document from DB — status=embedding
2026-07-24 05:32:46 | DEBUG    | app.services.pdf_service:237 | [0f4c447f-d814-4e9e-ae62-71e6669b731b] Loaded document from DB — status=embedding
2026-07-24 05:32:50 | DEBUG    | app.services.pdf_service:237 | [0f4c447f-d814-4e9e-ae62-71e6669b731b] Loaded document from DB — status=embedding
2026-07-24 05:33:08 | DEBUG    | app.services.pdf_service:237 | [0f4c447f-d814-4e9e-ae62-71e6669b731b] Loaded document from DB — status=embedding
2026-07-24 05:33:12 | DEBUG    | app.services.pdf_service:237 | [0f4c447f-d814-4e9e-ae62-71e6669b731b] Loaded document from DB — status=embedding
2026-07-24 05:33:17 | DEBUG    | app.services.pdf_service:237 | [0f4c447f-d814-4e9e-ae62-71e6669b731b] Loaded document from DB — status=embedding
2026-07-24 05:33:22 | DEBUG    | app.services.pdf_service:237 | [0f4c447f-d814-4e9e-ae62-71e6669b731b] Loaded document from DB — status=embedding
2026-07-24 05:33:26 | DEBUG    | app.services.pdf_service:237 | [0f4c447f-d814-4e9e-ae62-71e6669b731b] Loaded document from DB — status=embedding
2026-07-24 05:33:29 | DEBUG    | app.services.pdf_service:237 | [0f4c447f-d814-4e9e-ae62-71e6669b731b] Loaded document from DB — status=embedding
2026-07-24 05:33:33 | DEBUG    | app.services.pdf_service:237 | [0f4c447f-d814-4e9e-ae62-71e6669b731b] Loaded document from DB — status=embedding
2026-07-24 05:33:40 | DEBUG    | app.services.pdf_service:237 | [0f4c447f-d814-4e9e-ae62-71e6669b731b] Loaded document from DB — status=embedding
2026-07-24 05:33:47 | DEBUG    | app.services.pdf_service:237 | [0f4c447f-d814-4e9e-ae62-71e6669b731b] Loaded document from DB — status=embedding
2026-07-24 05:33:55 | DEBUG    | app.services.pdf_service:237 | [0f4c447f-d814-4e9e-ae62-71e6669b731b] Loaded document from DB — status=embedding
2026-07-24 05:34:06 | DEBUG    | app.services.pdf_service:237 | [0f4c447f-d814-4e9e-ae62-71e6669b731b] Loaded document from DB — status=embedding
2026-07-24 05:34:11 | DEBUG    | app.services.pdf_service:237 | [0f4c447f-d814-4e9e-ae62-71e6669b731b] Loaded document from DB — status=embedding
2026-07-24 05:34:15 | DEBUG    | app.services.pdf_service:237 | [0f4c447f-d814-4e9e-ae62-71e6669b731b] Loaded document from DB — status=embedding
2026-07-24 05:34:19 | DEBUG    | app.services.pdf_service:237 | [0f4c447f-d814-4e9e-ae62-71e6669b731b] Loaded document from DB — status=embedding
2026-07-24 05:34:28 | DEBUG    | app.services.pdf_service:237 | [0f4c447f-d814-4e9e-ae62-71e6669b731b] Loaded document from DB — status=embedding
2026-07-24 05:34:31 | DEBUG    | app.services.pdf_service:237 | [0f4c447f-d814-4e9e-ae62-71e6669b731b] Loaded document from DB — status=embedding
2026-07-24 05:34:39 | DEBUG    | app.services.pdf_service:237 | [0f4c447f-d814-4e9e-ae62-71e6669b731b] Loaded document from DB — status=embedding
2026-07-24 05:34:46 | DEBUG    | app.services.pdf_service:237 | [0f4c447f-d814-4e9e-ae62-71e6669b731b] Loaded document from DB — status=embedding
2026-07-24 05:34:54 | DEBUG    | app.services.pdf_service:237 | [0f4c447f-d814-4e9e-ae62-71e6669b731b] Loaded document from DB — status=embedding
2026-07-24 05:35:02 | DEBUG    | app.services.pdf_service:237 | [0f4c447f-d814-4e9e-ae62-71e6669b731b] Loaded document from DB — status=embedding
2026-07-24 05:35:05 | DEBUG    | app.services.pdf_service:237 | [0f4c447f-d814-4e9e-ae62-71e6669b731b] Loaded document from DB — status=embedding
2026-07-24 05:35:13 | DEBUG    | app.services.pdf_service:237 | [0f4c447f-d814-4e9e-ae62-71e6669b731b] Loaded document from DB — status=embedding
2026-07-24 05:35:36 | DEBUG    | app.services.pdf_service:237 | [0f4c447f-d814-4e9e-ae62-71e6669b731b] Loaded document from DB — status=embedding
2026-07-24 05:35:39 | DEBUG    | app.services.pdf_service:237 | [0f4c447f-d814-4e9e-ae62-71e6669b731b] Loaded document from DB — status=embedding
2026-07-24 05:35:43 | DEBUG    | app.services.pdf_service:237 | [0f4c447f-d814-4e9e-ae62-71e6669b731b] Loaded document from DB — status=embedding
2026-07-24 05:35:50 | DEBUG    | app.services.pdf_service:237 | [0f4c447f-d814-4e9e-ae62-71e6669b731b] Loaded document from DB — status=embedding
2026-07-24 05:35:58 | DEBUG    | app.services.pdf_service:237 | [0f4c447f-d814-4e9e-ae62-71e6669b731b] Loaded document from DB — status=embedding
2026-07-24 05:36:06 | DEBUG    | app.services.pdf_service:237 | [0f4c447f-d814-4e9e-ae62-71e6669b731b] Loaded document from DB — status=embedding
2026-07-24 05:36:14 | DEBUG    | app.services.pdf_service:237 | [0f4c447f-d814-4e9e-ae62-71e6669b731b] Loaded document from DB — status=embedding
2026-07-24 05:36:21 | DEBUG    | app.services.pdf_service:237 | [0f4c447f-d814-4e9e-ae62-71e6669b731b] Loaded document from DB — status=embedding
2026-07-24 05:36:31 | DEBUG    | app.services.pdf_service:237 | [0f4c447f-d814-4e9e-ae62-71e6669b731b] Loaded document from DB — status=embedding
2026-07-24 05:36:34 | DEBUG    | app.services.pdf_service:237 | [0f4c447f-d814-4e9e-ae62-71e6669b731b] Loaded document from DB — status=embedding
2026-07-24 05:36:42 | DEBUG    | app.services.pdf_service:237 | [0f4c447f-d814-4e9e-ae62-71e6669b731b] Loaded document from DB — status=embedding
2026-07-24 05:36:49 | DEBUG    | app.services.pdf_service:237 | [0f4c447f-d814-4e9e-ae62-71e6669b731b] Loaded document from DB — status=embedding
2026-07-24 05:36:57 | DEBUG    | app.services.pdf_service:237 | [0f4c447f-d814-4e9e-ae62-71e6669b731b] Loaded document from DB — status=embedding
2026-07-24 05:37:05 | DEBUG    | app.services.pdf_service:237 | [0f4c447f-d814-4e9e-ae62-71e6669b731b] Loaded document from DB — status=embedding
2026-07-24 05:37:08 | DEBUG    | app.services.pdf_service:237 | [0f4c447f-d814-4e9e-ae62-71e6669b731b] Loaded document from DB — status=embedding
2026-07-24 05:37:16 | DEBUG    | app.services.pdf_service:237 | [0f4c447f-d814-4e9e-ae62-71e6669b731b] Loaded document from DB — status=embedding
2026-07-24 05:37:24 | DEBUG    | app.services.pdf_service:237 | [0f4c447f-d814-4e9e-ae62-71e6669b731b] Loaded document from DB — status=embedding
2026-07-24 05:37:32 | DEBUG    | app.services.pdf_service:237 | [0f4c447f-d814-4e9e-ae62-71e6669b731b] Loaded document from DB — status=embedding
2026-07-24 05:37:36 | DEBUG    | app.services.pdf_service:237 | [0f4c447f-d814-4e9e-ae62-71e6669b731b] Loaded document from DB — status=embedding
2026-07-24 05:37:40 | DEBUG    | app.services.pdf_service:237 | [0f4c447f-d814-4e9e-ae62-71e6669b731b] Loaded document from DB — status=embedding
2026-07-24 05:37:50 | DEBUG    | app.services.pdf_service:237 | [0f4c447f-d814-4e9e-ae62-71e6669b731b] Loaded document from DB — status=embedding
2026-07-24 05:37:54 | DEBUG    | app.services.pdf_service:237 | [0f4c447f-d814-4e9e-ae62-71e6669b731b] Loaded document from DB — status=embedding
2026-07-24 05:37:59 | DEBUG    | app.services.pdf_service:237 | [0f4c447f-d814-4e9e-ae62-71e6669b731b] Loaded document from DB — status=embedding
2026-07-24 05:38:03 | DEBUG    | app.services.pdf_service:237 | [0f4c447f-d814-4e9e-ae62-71e6669b731b] Loaded document from DB — status=embedding
2026-07-24 05:38:13 | DEBUG    | app.services.pdf_service:237 | [0f4c447f-d814-4e9e-ae62-71e6669b731b] Loaded document from DB — status=embedding
2026-07-24 05:38:19 | DEBUG    | app.services.pdf_service:237 | [0f4c447f-d814-4e9e-ae62-71e6669b731b] Loaded document from DB — status=embedding
2026-07-24 05:38:50 | DEBUG    | app.services.pdf_service:237 | [0f4c447f-d814-4e9e-ae62-71e6669b731b] Loaded document from DB — status=embedding
2026-07-24 05:39:16 | DEBUG    | app.services.pdf_service:237 | [0f4c447f-d814-4e9e-ae62-71e6669b731b] Loaded document from DB — status=embedding
2026-07-24 05:39:16 | DEBUG    | app.services.pdf_service:237 | [0f4c447f-d814-4e9e-ae62-71e6669b731b] Loaded document from DB — status=embedding
2026-07-24 05:39:18 | DEBUG    | app.services.pdf_service:237 | [0f4c447f-d814-4e9e-ae62-71e6669b731b] Loaded document from DB — status=embedding
2026-07-24 05:39:19 | DEBUG    | app.services.pdf_service:237 | [0f4c447f-d814-4e9e-ae62-71e6669b731b] Loaded document from DB — status=embedding
2026-07-24 05:39:19 | DEBUG    | app.services.pdf_service:237 | [0f4c447f-d814-4e9e-ae62-71e6669b731b] Loaded document from DB — status=embedding
2026-07-24 05:39:20 | DEBUG    | app.services.pdf_service:237 | [0f4c447f-d814-4e9e-ae62-71e6669b731b] Loaded document from DB — status=embedding
2026-07-24 05:39:20 | DEBUG    | app.services.pdf_service:237 | [0f4c447f-d814-4e9e-ae62-71e6669b731b] Loaded document from DB — status=embedding
2026-07-24 05:39:21 | DEBUG    | app.services.pdf_service:237 | [0f4c447f-d814-4e9e-ae62-71e6669b731b] Loaded document from DB — status=embedding
2026-07-24 05:39:22 | DEBUG    | app.services.pdf_service:237 | [0f4c447f-d814-4e9e-ae62-71e6669b731b] Loaded document from DB — status=embedding
2026-07-24 05:39:23 | DEBUG    | app.services.pdf_service:237 | [0f4c447f-d814-4e9e-ae62-71e6669b731b] Loaded document from DB — status=embedding
2026-07-24 05:39:23 | DEBUG    | app.services.pdf_service:237 | [0f4c447f-d814-4e9e-ae62-71e6669b731b] Loaded document from DB — status=embedding
2026-07-24 05:39:29 | DEBUG    | app.services.pdf_service:237 | [0f4c447f-d814-4e9e-ae62-71e6669b731b] Loaded document from DB — status=embedding
2026-07-24 05:39:32 | DEBUG    | app.services.pdf_service:237 | [0f4c447f-d814-4e9e-ae62-71e6669b731b] Loaded document from DB — status=embedding
2026-07-24 05:39:36 | DEBUG    | app.services.pdf_service:237 | [0f4c447f-d814-4e9e-ae62-71e6669b731b] Loaded document from DB — status=embedding
2026-07-24 05:39:45 | DEBUG    | app.services.pdf_service:237 | [0f4c447f-d814-4e9e-ae62-71e6669b731b] Loaded document from DB — status=embedding
2026-07-24 05:39:48 | DEBUG    | app.services.pdf_service:237 | [0f4c447f-d814-4e9e-ae62-71e6669b731b] Loaded document from DB — status=embedding
2026-07-24 05:39:56 | DEBUG    | app.services.pdf_service:237 | [0f4c447f-d814-4e9e-ae62-71e6669b731b] Loaded document from DB — status=embedding
2026-07-24 05:40:04 | DEBUG    | app.services.pdf_service:237 | [0f4c447f-d814-4e9e-ae62-71e6669b731b] Loaded document from DB — status=embedding
2026-07-24 05:40:11 | DEBUG    | app.services.pdf_service:237 | [0f4c447f-d814-4e9e-ae62-71e6669b731b] Loaded document from DB — status=embedding
2026-07-24 05:40:19 | DEBUG    | app.services.pdf_service:237 | [0f4c447f-d814-4e9e-ae62-71e6669b731b] Loaded document from DB — status=embedding
2026-07-24 05:40:27 | DEBUG    | app.services.pdf_service:237 | [0f4c447f-d814-4e9e-ae62-71e6669b731b] Loaded document from DB — status=embedding
2026-07-24 05:40:34 | INFO     | embedding_service:195 | [0f4c447f-d814-4e9e-ae62-71e6669b731b] Embeddings done ✓  shape=(145, 1024)
2026-07-24 05:40:46 | INFO     | rag_service:195 | [0f4c447f-d814-4e9e-ae62-71e6669b731b] FAISS index built — 145 vectors, dim=1024
2026-07-24 05:40:47 | INFO     | rag_service:195 | [0f4c447f-d814-4e9e-ae62-71e6669b731b] FAISS index ready ✓
2026-07-24 07:00:10 | INFO     | app.services.ai_router:119 | AIRouter ready — OR model=openrouter/free  HF model=meta-llama/Llama-3.1-8B-Instruct:cerebras  HF url=https://router.huggingface.co/v1
2026-07-24 07:00:10 | INFO     | app.services.pdf_service:46 | PDFService initialised
2026-07-24 07:00:10 | INFO     | app.services.embedding_service:205 | EmbeddingService ready (model will load on first use)
2026-07-24 07:00:10 | INFO     | app.services.rag_service:81 | RAGService initialised
2026-07-24 07:00:11 | INFO     | app.services.extraction_service:221 | ExtractionService initialised
2026-07-24 07:00:16 | INFO     | app.auth:66 | Firebase Admin initialised for project 'spoudazo-fa02f'
2026-07-24 07:00:21 | DEBUG    | app.services.pdf_service:237 | [0f4c447f-d814-4e9e-ae62-71e6669b731b] Loaded document from DB — status=ready
2026-07-24 07:00:27 | DEBUG    | app.services.pdf_service:237 | [0f4c447f-d814-4e9e-ae62-71e6669b731b] Loaded document from DB — status=ready
2026-07-24 07:02:37 | INFO     | ai_router:195 | [course-6-topics-attempt0] OpenRouter complete ✓ — 1523 chars
2026-07-24 07:02:37 | INFO     | app.agents.topic_extraction:78 | Topic extraction reasoning for course 6: The material is highly theoretical and foundational, focusing on the philosophical and logical definitions of Artificial Intelligence rather than practical coding. The lecturer places heavy emphasis on the formal criteria for 'informed definitions' and the logic of the Turing Test (imitation game). 
2026-07-24 07:11:53 | INFO     | app.services.ai_router:119 | AIRouter ready — OR model=openrouter/free  HF model=meta-llama/Llama-3.1-8B-Instruct:cerebras  HF url=https://router.huggingface.co/v1
2026-07-24 07:11:53 | INFO     | app.services.pdf_service:46 | PDFService initialised
2026-07-24 07:11:53 | INFO     | app.services.embedding_service:205 | EmbeddingService ready (model will load on first use)
2026-07-24 07:11:53 | INFO     | app.services.rag_service:81 | RAGService initialised
2026-07-24 07:11:53 | INFO     | app.services.extraction_service:221 | ExtractionService initialised
2026-07-24 07:12:02 | INFO     | app.services.ai_router:119 | AIRouter ready — OR model=openrouter/free  HF model=meta-llama/Llama-3.1-8B-Instruct:cerebras  HF url=https://router.huggingface.co/v1
2026-07-24 07:12:02 | INFO     | app.services.pdf_service:46 | PDFService initialised
2026-07-24 07:12:02 | INFO     | app.services.embedding_service:205 | EmbeddingService ready (model will load on first use)
2026-07-24 07:12:02 | INFO     | app.services.rag_service:81 | RAGService initialised
2026-07-24 07:12:02 | INFO     | app.services.extraction_service:221 | ExtractionService initialised
2026-07-24 07:12:45 | INFO     | app.services.ai_router:119 | AIRouter ready — OR model=openrouter/free  HF model=meta-llama/Llama-3.1-8B-Instruct:cerebras  HF url=https://router.huggingface.co/v1
2026-07-24 07:12:45 | INFO     | app.services.pdf_service:46 | PDFService initialised
2026-07-24 07:12:45 | INFO     | app.services.embedding_service:205 | EmbeddingService ready (model will load on first use)
2026-07-24 07:12:45 | INFO     | app.services.rag_service:81 | RAGService initialised
2026-07-24 07:12:45 | INFO     | app.services.extraction_service:221 | ExtractionService initialised
2026-07-24 07:12:53 | INFO     | app.services.ai_router:119 | AIRouter ready — OR model=openrouter/free  HF model=meta-llama/Llama-3.1-8B-Instruct:cerebras  HF url=https://router.huggingface.co/v1
2026-07-24 07:12:53 | INFO     | app.services.pdf_service:46 | PDFService initialised
2026-07-24 07:12:53 | INFO     | app.services.embedding_service:205 | EmbeddingService ready (model will load on first use)
2026-07-24 07:12:53 | INFO     | app.services.rag_service:81 | RAGService initialised
2026-07-24 07:12:53 | INFO     | app.services.extraction_service:221 | ExtractionService initialised
2026-07-24 07:13:00 | INFO     | app.services.ai_router:119 | AIRouter ready — OR model=openrouter/free  HF model=meta-llama/Llama-3.1-8B-Instruct:cerebras  HF url=https://router.huggingface.co/v1
2026-07-24 07:13:00 | INFO     | app.services.pdf_service:46 | PDFService initialised
2026-07-24 07:13:00 | INFO     | app.services.embedding_service:205 | EmbeddingService ready (model will load on first use)
2026-07-24 07:13:00 | INFO     | app.services.rag_service:81 | RAGService initialised
2026-07-24 07:13:00 | INFO     | app.services.extraction_service:221 | ExtractionService initialised
2026-07-24 07:13:05 | INFO     | app.auth:66 | Firebase Admin initialised for project 'spoudazo-fa02f'
